query_id,pair_id,principio_activo,grupo_terapeutico,drug_name,is_generic,query_type,query_category,query_text,response_text,response_word_count,collection_timestamp,notes
Q0001,P01_OMEPRAZOL,Omeprazol 20mg,Gastrointestinal,LOSEC 20 MG CAPSULAS DURAS GASTRORRESISTENTES,False,factual,indication,¿Para qué sirve LOSEC 20 MG CAPSULAS DURAS GASTRORRESISTENTES?,,,,
Q0002,P01_OMEPRAZOL,Omeprazol 20mg,Gastrointestinal,LOSEC 20 MG CAPSULAS DURAS GASTRORRESISTENTES,False,factual,adverse_effects,¿Cuáles son los efectos secundarios de LOSEC 20 MG CAPSULAS DURAS GASTRORRESISTENTES?,,,,
Q0003,P01_OMEPRAZOL,Omeprazol 20mg,Gastrointestinal,LOSEC 20 MG CAPSULAS DURAS GASTRORRESISTENTES,False,factual,pregnancy,¿Se puede tomar LOSEC 20 MG CAPSULAS DURAS GASTRORRESISTENTES durante el embarazo?,,,,
Q0004,P01_OMEPRAZOL,Omeprazol 20mg,Gastrointestinal,LOSEC 20 MG CAPSULAS DURAS GASTRORRESISTENTES,False,factual,dosage,¿Qué dosis de LOSEC 20 MG CAPSULAS DURAS GASTRORRESISTENTES debo tomar?,,,,
Q0005,P01_OMEPRAZOL,Omeprazol 20mg,Gastrointestinal,LOSEC 20 MG CAPSULAS DURAS GASTRORRESISTENTES,False,factual,driving,¿Puedo conducir si tomo LOSEC 20 MG CAPSULAS DURAS GASTRORRESISTENTES?,,,,
Q0006,P01_OMEPRAZOL,Omeprazol 20mg,Gastrointestinal,LOSEC 20 MG CAPSULAS DURAS GASTRORRESISTENTES,False,factual,contraindications,¿Cuándo no debo tomar LOSEC 20 MG CAPSULAS DURAS GASTRORRESISTENTES?,,,,
Q0007,P01_OMEPRAZOL,Omeprazol 20mg,Gastrointestinal,LOSEC 20 MG CAPSULAS DURAS GASTRORRESISTENTES,False,factual,storage,¿Cómo debo conservar LOSEC 20 MG CAPSULAS DURAS GASTRORRESISTENTES?,,,,
Q0008,P01_OMEPRAZOL,Omeprazol 20mg,Gastrointestinal,LOSEC 20 MG CAPSULAS DURAS GASTRORRESISTENTES,False,interaction,alcohol,¿Puedo tomar LOSEC 20 MG CAPSULAS DURAS GASTRORRESISTENTES con alcohol?,,,,
Q0009,P01_OMEPRAZOL,Omeprazol 20mg,Gastrointestinal,LOSEC 20 MG CAPSULAS DURAS GASTRORRESISTENTES,False,interaction,food,¿Puedo tomar LOSEC 20 MG CAPSULAS DURAS GASTRORRESISTENTES con las comidas?,,,,
Q0010,P01_OMEPRAZOL,Omeprazol 20mg,Gastrointestinal,OMEPRAZOL CINFA 20 MG CAPSULAS DURAS GASTRORRESISTENTES EFG,True,factual,indication,¿Para qué sirve OMEPRAZOL CINFA 20 MG CAPSULAS DURAS GASTRORRESISTENTES EFG?,,,,
Q0011,P01_OMEPRAZOL,Omeprazol 20mg,Gastrointestinal,OMEPRAZOL CINFA 20 MG CAPSULAS DURAS GASTRORRESISTENTES EFG,True,factual,adverse_effects,¿Cuáles son los efectos secundarios de OMEPRAZOL CINFA 20 MG CAPSULAS DURAS GASTRORRESISTENTES EFG?,,,,
Q0012,P01_OMEPRAZOL,Omeprazol 20mg,Gastrointestinal,OMEPRAZOL CINFA 20 MG CAPSULAS DURAS GASTRORRESISTENTES EFG,True,factual,pregnancy,¿Se puede tomar OMEPRAZOL CINFA 20 MG CAPSULAS DURAS GASTRORRESISTENTES EFG durante el embarazo?,,,,
Q0013,P01_OMEPRAZOL,Omeprazol 20mg,Gastrointestinal,OMEPRAZOL CINFA 20 MG CAPSULAS DURAS GASTRORRESISTENTES EFG,True,factual,dosage,¿Qué dosis de OMEPRAZOL CINFA 20 MG CAPSULAS DURAS GASTRORRESISTENTES EFG debo tomar?,,,,
Q0014,P01_OMEPRAZOL,Omeprazol 20mg,Gastrointestinal,OMEPRAZOL CINFA 20 MG CAPSULAS DURAS GASTRORRESISTENTES EFG,True,factual,driving,¿Puedo conducir si tomo OMEPRAZOL CINFA 20 MG CAPSULAS DURAS GASTRORRESISTENTES EFG?,,,,
Q0015,P01_OMEPRAZOL,Omeprazol 20mg,Gastrointestinal,OMEPRAZOL CINFA 20 MG CAPSULAS DURAS GASTRORRESISTENTES EFG,True,factual,contraindications,¿Cuándo no debo tomar OMEPRAZOL CINFA 20 MG CAPSULAS DURAS GASTRORRESISTENTES EFG?,,,,
Q0016,P01_OMEPRAZOL,Omeprazol 20mg,Gastrointestinal,OMEPRAZOL CINFA 20 MG CAPSULAS DURAS GASTRORRESISTENTES EFG,True,factual,storage,¿Cómo debo conservar OMEPRAZOL CINFA 20 MG CAPSULAS DURAS GASTRORRESISTENTES EFG?,,,,
Q0017,P01_OMEPRAZOL,Omeprazol 20mg,Gastrointestinal,OMEPRAZOL CINFA 20 MG CAPSULAS DURAS GASTRORRESISTENTES EFG,True,interaction,alcohol,¿Puedo tomar OMEPRAZOL CINFA 20 MG CAPSULAS DURAS GASTRORRESISTENTES EFG con alcohol?,,,,
Q0018,P01_OMEPRAZOL,Omeprazol 20mg,Gastrointestinal,OMEPRAZOL CINFA 20 MG CAPSULAS DURAS GASTRORRESISTENTES EFG,True,interaction,food,¿Puedo tomar OMEPRAZOL CINFA 20 MG CAPSULAS DURAS GASTRORRESISTENTES EFG con las comidas?,,,,
Q0019,P01_OMEPRAZOL,Omeprazol 20mg,Gastrointestinal,OMEPRAZOL NORMON 20 MG CAPSULAS DURAS GASTRORRESISTENTES EFG,True,factual,indication,¿Para qué sirve OMEPRAZOL NORMON 20 MG CAPSULAS DURAS GASTRORRESISTENTES EFG?,,,,
Q0020,P01_OMEPRAZOL,Omeprazol 20mg,Gastrointestinal,OMEPRAZOL NORMON 20 MG CAPSULAS DURAS GASTRORRESISTENTES EFG,True,factual,adverse_effects,¿Cuáles son los efectos secundarios de OMEPRAZOL NORMON 20 MG CAPSULAS DURAS GASTRORRESISTENTES EFG?,,,,
Q0021,P01_OMEPRAZOL,Omeprazol 20mg,Gastrointestinal,OMEPRAZOL NORMON 20 MG CAPSULAS DURAS GASTRORRESISTENTES EFG,True,factual,pregnancy,¿Se puede tomar OMEPRAZOL NORMON 20 MG CAPSULAS DURAS GASTRORRESISTENTES EFG durante el embarazo?,,,,
Q0022,P01_OMEPRAZOL,Omeprazol 20mg,Gastrointestinal,OMEPRAZOL NORMON 20 MG CAPSULAS DURAS GASTRORRESISTENTES EFG,True,factual,dosage,¿Qué dosis de OMEPRAZOL NORMON 20 MG CAPSULAS DURAS GASTRORRESISTENTES EFG debo tomar?,,,,
Q0023,P01_OMEPRAZOL,Omeprazol 20mg,Gastrointestinal,OMEPRAZOL NORMON 20 MG CAPSULAS DURAS GASTRORRESISTENTES EFG,True,factual,driving,¿Puedo conducir si tomo OMEPRAZOL NORMON 20 MG CAPSULAS DURAS GASTRORRESISTENTES EFG?,,,,
Q0024,P01_OMEPRAZOL,Omeprazol 20mg,Gastrointestinal,OMEPRAZOL NORMON 20 MG CAPSULAS DURAS GASTRORRESISTENTES EFG,True,factual,contraindications,¿Cuándo no debo tomar OMEPRAZOL NORMON 20 MG CAPSULAS DURAS GASTRORRESISTENTES EFG?,,,,
Q0025,P01_OMEPRAZOL,Omeprazol 20mg,Gastrointestinal,OMEPRAZOL NORMON 20 MG CAPSULAS DURAS GASTRORRESISTENTES EFG,True,factual,storage,¿Cómo debo conservar OMEPRAZOL NORMON 20 MG CAPSULAS DURAS GASTRORRESISTENTES EFG?,,,,
Q0026,P01_OMEPRAZOL,Omeprazol 20mg,Gastrointestinal,OMEPRAZOL NORMON 20 MG CAPSULAS DURAS GASTRORRESISTENTES EFG,True,interaction,alcohol,¿Puedo tomar OMEPRAZOL NORMON 20 MG CAPSULAS DURAS GASTRORRESISTENTES EFG con alcohol?,,,,
Q0027,P01_OMEPRAZOL,Omeprazol 20mg,Gastrointestinal,OMEPRAZOL NORMON 20 MG CAPSULAS DURAS GASTRORRESISTENTES EFG,True,interaction,food,¿Puedo tomar OMEPRAZOL NORMON 20 MG CAPSULAS DURAS GASTRORRESISTENTES EFG con las comidas?,,,,
Q0028,P01_OMEPRAZOL,Omeprazol 20mg,Gastrointestinal,LOSEC 20 MG CAPSULAS DURAS GASTRORRESISTENTES vs OMEPRAZOL CINFA 20 MG CAPSULAS DURAS GASTRORRESISTENTES EFG,comparative,comparative,equivalence,¿Es lo mismo LOSEC 20 MG CAPSULAS DURAS GASTRORRESISTENTES que OMEPRAZOL CINFA 20 MG CAPSULAS DURAS GASTRORRESISTENTES EFG?,,,,
Q0029,P01_OMEPRAZOL,Omeprazol 20mg,Gastrointestinal,LOSEC 20 MG CAPSULAS DURAS GASTRORRESISTENTES vs OMEPRAZOL CINFA 20 MG CAPSULAS DURAS GASTRORRESISTENTES EFG,comparative,comparative,recommendation,"¿Qué es mejor, LOSEC 20 MG CAPSULAS DURAS GASTRORRESISTENTES o OMEPRAZOL CINFA 20 MG CAPSULAS DURAS GASTRORRESISTENTES EFG?",,,,
Q0030,P01_OMEPRAZOL,Omeprazol 20mg,Gastrointestinal,LOSEC 20 MG CAPSULAS DURAS GASTRORRESISTENTES vs OMEPRAZOL CINFA 20 MG CAPSULAS DURAS GASTRORRESISTENTES EFG,comparative,comparative,switching,¿Puedo cambiar de LOSEC 20 MG CAPSULAS DURAS GASTRORRESISTENTES a OMEPRAZOL CINFA 20 MG CAPSULAS DURAS GASTRORRESISTENTES EFG?,,,,
Q0031,P01_OMEPRAZOL,Omeprazol 20mg,Gastrointestinal,LOSEC 20 MG CAPSULAS DURAS GASTRORRESISTENTES vs OMEPRAZOL NORMON 20 MG CAPSULAS DURAS GASTRORRESISTENTES EFG,comparative,comparative,equivalence,¿Es lo mismo LOSEC 20 MG CAPSULAS DURAS GASTRORRESISTENTES que OMEPRAZOL NORMON 20 MG CAPSULAS DURAS GASTRORRESISTENTES EFG?,,,,
Q0032,P01_OMEPRAZOL,Omeprazol 20mg,Gastrointestinal,LOSEC 20 MG CAPSULAS DURAS GASTRORRESISTENTES vs OMEPRAZOL NORMON 20 MG CAPSULAS DURAS GASTRORRESISTENTES EFG,comparative,comparative,recommendation,"¿Qué es mejor, LOSEC 20 MG CAPSULAS DURAS GASTRORRESISTENTES o OMEPRAZOL NORMON 20 MG CAPSULAS DURAS GASTRORRESISTENTES EFG?",,,,
Q0033,P01_OMEPRAZOL,Omeprazol 20mg,Gastrointestinal,LOSEC 20 MG CAPSULAS DURAS GASTRORRESISTENTES vs OMEPRAZOL NORMON 20 MG CAPSULAS DURAS GASTRORRESISTENTES EFG,comparative,comparative,switching,¿Puedo cambiar de LOSEC 20 MG CAPSULAS DURAS GASTRORRESISTENTES a OMEPRAZOL NORMON 20 MG CAPSULAS DURAS GASTRORRESISTENTES EFG?,,,,
Q0034,P02_ATORVAST,Atorvastatina 20mg,Cardiovascular,CARDYL 20 MG COMPRIMIDOS RECUBIERTOS CON PELICULA,False,factual,indication,¿Para qué sirve CARDYL 20 MG COMPRIMIDOS RECUBIERTOS CON PELICULA?,,,,
Q0035,P02_ATORVAST,Atorvastatina 20mg,Cardiovascular,CARDYL 20 MG COMPRIMIDOS RECUBIERTOS CON PELICULA,False,factual,adverse_effects,¿Cuáles son los efectos secundarios de CARDYL 20 MG COMPRIMIDOS RECUBIERTOS CON PELICULA?,,,,
Q0036,P02_ATORVAST,Atorvastatina 20mg,Cardiovascular,CARDYL 20 MG COMPRIMIDOS RECUBIERTOS CON PELICULA,False,factual,pregnancy,¿Se puede tomar CARDYL 20 MG COMPRIMIDOS RECUBIERTOS CON PELICULA durante el embarazo?,,,,
Q0037,P02_ATORVAST,Atorvastatina 20mg,Cardiovascular,CARDYL 20 MG COMPRIMIDOS RECUBIERTOS CON PELICULA,False,factual,dosage,¿Qué dosis de CARDYL 20 MG COMPRIMIDOS RECUBIERTOS CON PELICULA debo tomar?,,,,
Q0038,P02_ATORVAST,Atorvastatina 20mg,Cardiovascular,CARDYL 20 MG COMPRIMIDOS RECUBIERTOS CON PELICULA,False,factual,driving,¿Puedo conducir si tomo CARDYL 20 MG COMPRIMIDOS RECUBIERTOS CON PELICULA?,,,,
Q0039,P02_ATORVAST,Atorvastatina 20mg,Cardiovascular,CARDYL 20 MG COMPRIMIDOS RECUBIERTOS CON PELICULA,False,factual,contraindications,¿Cuándo no debo tomar CARDYL 20 MG COMPRIMIDOS RECUBIERTOS CON PELICULA?,,,,
Q0040,P02_ATORVAST,Atorvastatina 20mg,Cardiovascular,CARDYL 20 MG COMPRIMIDOS RECUBIERTOS CON PELICULA,False,factual,storage,¿Cómo debo conservar CARDYL 20 MG COMPRIMIDOS RECUBIERTOS CON PELICULA?,,,,
Q0041,P02_ATORVAST,Atorvastatina 20mg,Cardiovascular,CARDYL 20 MG COMPRIMIDOS RECUBIERTOS CON PELICULA,False,interaction,alcohol,¿Puedo tomar CARDYL 20 MG COMPRIMIDOS RECUBIERTOS CON PELICULA con alcohol?,,,,
Q0042,P02_ATORVAST,Atorvastatina 20mg,Cardiovascular,CARDYL 20 MG COMPRIMIDOS RECUBIERTOS CON PELICULA,False,interaction,food,¿Puedo tomar CARDYL 20 MG COMPRIMIDOS RECUBIERTOS CON PELICULA con las comidas?,,,,
Q0043,P02_ATORVAST,Atorvastatina 20mg,Cardiovascular,ATORVASTATINA CINFA 20 MG COMPRIMIDOS RECUBIERTOS CON PELICULA EFG,True,factual,indication,¿Para qué sirve ATORVASTATINA CINFA 20 MG COMPRIMIDOS RECUBIERTOS CON PELICULA EFG?,,,,
Q0044,P02_ATORVAST,Atorvastatina 20mg,Cardiovascular,ATORVASTATINA CINFA 20 MG COMPRIMIDOS RECUBIERTOS CON PELICULA EFG,True,factual,adverse_effects,¿Cuáles son los efectos secundarios de ATORVASTATINA CINFA 20 MG COMPRIMIDOS RECUBIERTOS CON PELICULA EFG?,,,,
Q0045,P02_ATORVAST,Atorvastatina 20mg,Cardiovascular,ATORVASTATINA CINFA 20 MG COMPRIMIDOS RECUBIERTOS CON PELICULA EFG,True,factual,pregnancy,¿Se puede tomar ATORVASTATINA CINFA 20 MG COMPRIMIDOS RECUBIERTOS CON PELICULA EFG durante el embarazo?,,,,
Q0046,P02_ATORVAST,Atorvastatina 20mg,Cardiovascular,ATORVASTATINA CINFA 20 MG COMPRIMIDOS RECUBIERTOS CON PELICULA EFG,True,factual,dosage,¿Qué dosis de ATORVASTATINA CINFA 20 MG COMPRIMIDOS RECUBIERTOS CON PELICULA EFG debo tomar?,,,,
Q0047,P02_ATORVAST,Atorvastatina 20mg,Cardiovascular,ATORVASTATINA CINFA 20 MG COMPRIMIDOS RECUBIERTOS CON PELICULA EFG,True,factual,driving,¿Puedo conducir si tomo ATORVASTATINA CINFA 20 MG COMPRIMIDOS RECUBIERTOS CON PELICULA EFG?,,,,
Q0048,P02_ATORVAST,Atorvastatina 20mg,Cardiovascular,ATORVASTATINA CINFA 20 MG COMPRIMIDOS RECUBIERTOS CON PELICULA EFG,True,factual,contraindications,¿Cuándo no debo tomar ATORVASTATINA CINFA 20 MG COMPRIMIDOS RECUBIERTOS CON PELICULA EFG?,,,,
Q0049,P02_ATORVAST,Atorvastatina 20mg,Cardiovascular,ATORVASTATINA CINFA 20 MG COMPRIMIDOS RECUBIERTOS CON PELICULA EFG,True,factual,storage,¿Cómo debo conservar ATORVASTATINA CINFA 20 MG COMPRIMIDOS RECUBIERTOS CON PELICULA EFG?,,,,
Q0050,P02_ATORVAST,Atorvastatina 20mg,Cardiovascular,ATORVASTATINA CINFA 20 MG COMPRIMIDOS RECUBIERTOS CON PELICULA EFG,True,interaction,alcohol,¿Puedo tomar ATORVASTATINA CINFA 20 MG COMPRIMIDOS RECUBIERTOS CON PELICULA EFG con alcohol?,,,,
Q0051,P02_ATORVAST,Atorvastatina 20mg,Cardiovascular,ATORVASTATINA CINFA 20 MG COMPRIMIDOS RECUBIERTOS CON PELICULA EFG,True,interaction,food,¿Puedo tomar ATORVASTATINA CINFA 20 MG COMPRIMIDOS RECUBIERTOS CON PELICULA EFG con las comidas?,,,,
Q0052,P02_ATORVAST,Atorvastatina 20mg,Cardiovascular,ATORVASTATINA TEVA 20 MG COMPRIMIDOS RECUBIERTOS CON PELICULA EFG,True,factual,indication,¿Para qué sirve ATORVASTATINA TEVA 20 MG COMPRIMIDOS RECUBIERTOS CON PELICULA EFG?,,,,
Q0053,P02_ATORVAST,Atorvastatina 20mg,Cardiovascular,ATORVASTATINA TEVA 20 MG COMPRIMIDOS RECUBIERTOS CON PELICULA EFG,True,factual,adverse_effects,¿Cuáles son los efectos secundarios de ATORVASTATINA TEVA 20 MG COMPRIMIDOS RECUBIERTOS CON PELICULA EFG?,,,,
Q0054,P02_ATORVAST,Atorvastatina 20mg,Cardiovascular,ATORVASTATINA TEVA 20 MG COMPRIMIDOS RECUBIERTOS CON PELICULA EFG,True,factual,pregnancy,¿Se puede tomar ATORVASTATINA TEVA 20 MG COMPRIMIDOS RECUBIERTOS CON PELICULA EFG durante el embarazo?,,,,
Q0055,P02_ATORVAST,Atorvastatina 20mg,Cardiovascular,ATORVASTATINA TEVA 20 MG COMPRIMIDOS RECUBIERTOS CON PELICULA EFG,True,factual,dosage,¿Qué dosis de ATORVASTATINA TEVA 20 MG COMPRIMIDOS RECUBIERTOS CON PELICULA EFG debo tomar?,,,,
Q0056,P02_ATORVAST,Atorvastatina 20mg,Cardiovascular,ATORVASTATINA TEVA 20 MG COMPRIMIDOS RECUBIERTOS CON PELICULA EFG,True,factual,driving,¿Puedo conducir si tomo ATORVASTATINA TEVA 20 MG COMPRIMIDOS RECUBIERTOS CON PELICULA EFG?,,,,
Q0057,P02_ATORVAST,Atorvastatina 20mg,Cardiovascular,ATORVASTATINA TEVA 20 MG COMPRIMIDOS RECUBIERTOS CON PELICULA EFG,True,factual,contraindications,¿Cuándo no debo tomar ATORVASTATINA TEVA 20 MG COMPRIMIDOS RECUBIERTOS CON PELICULA EFG?,,,,
Q0058,P02_ATORVAST,Atorvastatina 20mg,Cardiovascular,ATORVASTATINA TEVA 20 MG COMPRIMIDOS RECUBIERTOS CON PELICULA EFG,True,factual,storage,¿Cómo debo conservar ATORVASTATINA TEVA 20 MG COMPRIMIDOS RECUBIERTOS CON PELICULA EFG?,,,,
Q0059,P02_ATORVAST,Atorvastatina 20mg,Cardiovascular,ATORVASTATINA TEVA 20 MG COMPRIMIDOS RECUBIERTOS CON PELICULA EFG,True,interaction,alcohol,¿Puedo tomar ATORVASTATINA TEVA 20 MG COMPRIMIDOS RECUBIERTOS CON PELICULA EFG con alcohol?,,,,
Q0060,P02_ATORVAST,Atorvastatina 20mg,Cardiovascular,ATORVASTATINA TEVA 20 MG COMPRIMIDOS RECUBIERTOS CON PELICULA EFG,True,interaction,food,¿Puedo tomar ATORVASTATINA TEVA 20 MG COMPRIMIDOS RECUBIERTOS CON PELICULA EFG con las comidas?,,,,
Q0061,P02_ATORVAST,Atorvastatina 20mg,Cardiovascular,CARDYL 20 MG COMPRIMIDOS RECUBIERTOS CON PELICULA vs ATORVASTATINA CINFA 20 MG COMPRIMIDOS RECUBIERTOS CON PELICULA EFG,comparative,comparative,equivalence,¿Es lo mismo CARDYL 20 MG COMPRIMIDOS RECUBIERTOS CON PELICULA que ATORVASTATINA CINFA 20 MG COMPRIMIDOS RECUBIERTOS CON PELICULA EFG?,,,,
Q0062,P02_ATORVAST,Atorvastatina 20mg,Cardiovascular,CARDYL 20 MG COMPRIMIDOS RECUBIERTOS CON PELICULA vs ATORVASTATINA CINFA 20 MG COMPRIMIDOS RECUBIERTOS CON PELICULA EFG,comparative,comparative,recommendation,"¿Qué es mejor, CARDYL 20 MG COMPRIMIDOS RECUBIERTOS CON PELICULA o ATORVASTATINA CINFA 20 MG COMPRIMIDOS RECUBIERTOS CON PELICULA EFG?",,,,
Q0063,P02_ATORVAST,Atorvastatina 20mg,Cardiovascular,CARDYL 20 MG COMPRIMIDOS RECUBIERTOS CON PELICULA vs ATORVASTATINA CINFA 20 MG COMPRIMIDOS RECUBIERTOS CON PELICULA EFG,comparative,comparative,switching,¿Puedo cambiar de CARDYL 20 MG COMPRIMIDOS RECUBIERTOS CON PELICULA a ATORVASTATINA CINFA 20 MG COMPRIMIDOS RECUBIERTOS CON PELICULA EFG?,,,,
Q0064,P02_ATORVAST,Atorvastatina 20mg,Cardiovascular,CARDYL 20 MG COMPRIMIDOS RECUBIERTOS CON PELICULA vs ATORVASTATINA TEVA 20 MG COMPRIMIDOS RECUBIERTOS CON PELICULA EFG,comparative,comparative,equivalence,¿Es lo mismo CARDYL 20 MG COMPRIMIDOS RECUBIERTOS CON PELICULA que ATORVASTATINA TEVA 20 MG COMPRIMIDOS RECUBIERTOS CON PELICULA EFG?,,,,
Q0065,P02_ATORVAST,Atorvastatina 20mg,Cardiovascular,CARDYL 20 MG COMPRIMIDOS RECUBIERTOS CON PELICULA vs ATORVASTATINA TEVA 20 MG COMPRIMIDOS RECUBIERTOS CON PELICULA EFG,comparative,comparative,recommendation,"¿Qué es mejor, CARDYL 20 MG COMPRIMIDOS RECUBIERTOS CON PELICULA o ATORVASTATINA TEVA 20 MG COMPRIMIDOS RECUBIERTOS CON PELICULA EFG?",,,,
Q0066,P02_ATORVAST,Atorvastatina 20mg,Cardiovascular,CARDYL 20 MG COMPRIMIDOS RECUBIERTOS CON PELICULA vs ATORVASTATINA TEVA 20 MG COMPRIMIDOS RECUBIERTOS CON PELICULA EFG,comparative,comparative,switching,¿Puedo cambiar de CARDYL 20 MG COMPRIMIDOS RECUBIERTOS CON PELICULA a ATORVASTATINA TEVA 20 MG COMPRIMIDOS RECUBIERTOS CON PELICULA EFG?,,,,
Q0067,P03_ESCITALO,Escitalopram 10mg,SNC - Antidepresivos,CIPRALEX 10 MG COMPRIMIDOS RECUBIERTOS CON PELICULA,False,factual,indication,¿Para qué sirve CIPRALEX 10 MG COMPRIMIDOS RECUBIERTOS CON PELICULA?,,,,
Q0068,P03_ESCITALO,Escitalopram 10mg,SNC - Antidepresivos,CIPRALEX 10 MG COMPRIMIDOS RECUBIERTOS CON PELICULA,False,factual,adverse_effects,¿Cuáles son los efectos secundarios de CIPRALEX 10 MG COMPRIMIDOS RECUBIERTOS CON PELICULA?,,,,
Q0069,P03_ESCITALO,Escitalopram 10mg,SNC - Antidepresivos,CIPRALEX 10 MG COMPRIMIDOS RECUBIERTOS CON PELICULA,False,factual,pregnancy,¿Se puede tomar CIPRALEX 10 MG COMPRIMIDOS RECUBIERTOS CON PELICULA durante el embarazo?,,,,
Q0070,P03_ESCITALO,Escitalopram 10mg,SNC - Antidepresivos,CIPRALEX 10 MG COMPRIMIDOS RECUBIERTOS CON PELICULA,False,factual,dosage,¿Qué dosis de CIPRALEX 10 MG COMPRIMIDOS RECUBIERTOS CON PELICULA debo tomar?,,,,
Q0071,P03_ESCITALO,Escitalopram 10mg,SNC - Antidepresivos,CIPRALEX 10 MG COMPRIMIDOS RECUBIERTOS CON PELICULA,False,factual,driving,¿Puedo conducir si tomo CIPRALEX 10 MG COMPRIMIDOS RECUBIERTOS CON PELICULA?,,,,
Q0072,P03_ESCITALO,Escitalopram 10mg,SNC - Antidepresivos,CIPRALEX 10 MG COMPRIMIDOS RECUBIERTOS CON PELICULA,False,factual,contraindications,¿Cuándo no debo tomar CIPRALEX 10 MG COMPRIMIDOS RECUBIERTOS CON PELICULA?,,,,
Q0073,P03_ESCITALO,Escitalopram 10mg,SNC - Antidepresivos,CIPRALEX 10 MG COMPRIMIDOS RECUBIERTOS CON PELICULA,False,factual,storage,¿Cómo debo conservar CIPRALEX 10 MG COMPRIMIDOS RECUBIERTOS CON PELICULA?,,,,
Q0074,P03_ESCITALO,Escitalopram 10mg,SNC - Antidepresivos,CIPRALEX 10 MG COMPRIMIDOS RECUBIERTOS CON PELICULA,False,interaction,alcohol,¿Puedo tomar CIPRALEX 10 MG COMPRIMIDOS RECUBIERTOS CON PELICULA con alcohol?,,,,
Q0075,P03_ESCITALO,Escitalopram 10mg,SNC - Antidepresivos,CIPRALEX 10 MG COMPRIMIDOS RECUBIERTOS CON PELICULA,False,interaction,food,¿Puedo tomar CIPRALEX 10 MG COMPRIMIDOS RECUBIERTOS CON PELICULA con las comidas?,,,,
Q0076,P03_ESCITALO,Escitalopram 10mg,SNC - Antidepresivos,ESCITALOPRAM CINFA 10 MG COMPRIMIDOS RECUBIERTOS CON PELICULA EFG,True,factual,indication,¿Para qué sirve ESCITALOPRAM CINFA 10 MG COMPRIMIDOS RECUBIERTOS CON PELICULA EFG?,,,,
Q0077,P03_ESCITALO,Escitalopram 10mg,SNC - Antidepresivos,ESCITALOPRAM CINFA 10 MG COMPRIMIDOS RECUBIERTOS CON PELICULA EFG,True,factual,adverse_effects,¿Cuáles son los efectos secundarios de ESCITALOPRAM CINFA 10 MG COMPRIMIDOS RECUBIERTOS CON PELICULA EFG?,,,,
Q0078,P03_ESCITALO,Escitalopram 10mg,SNC - Antidepresivos,ESCITALOPRAM CINFA 10 MG COMPRIMIDOS RECUBIERTOS CON PELICULA EFG,True,factual,pregnancy,¿Se puede tomar ESCITALOPRAM CINFA 10 MG COMPRIMIDOS RECUBIERTOS CON PELICULA EFG durante el embarazo?,,,,
Q0079,P03_ESCITALO,Escitalopram 10mg,SNC - Antidepresivos,ESCITALOPRAM CINFA 10 MG COMPRIMIDOS RECUBIERTOS CON PELICULA EFG,True,factual,dosage,¿Qué dosis de ESCITALOPRAM CINFA 10 MG COMPRIMIDOS RECUBIERTOS CON PELICULA EFG debo tomar?,,,,
Q0080,P03_ESCITALO,Escitalopram 10mg,SNC - Antidepresivos,ESCITALOPRAM CINFA 10 MG COMPRIMIDOS RECUBIERTOS CON PELICULA EFG,True,factual,driving,¿Puedo conducir si tomo ESCITALOPRAM CINFA 10 MG COMPRIMIDOS RECUBIERTOS CON PELICULA EFG?,,,,
Q0081,P03_ESCITALO,Escitalopram 10mg,SNC - Antidepresivos,ESCITALOPRAM CINFA 10 MG COMPRIMIDOS RECUBIERTOS CON PELICULA EFG,True,factual,contraindications,¿Cuándo no debo tomar ESCITALOPRAM CINFA 10 MG COMPRIMIDOS RECUBIERTOS CON PELICULA EFG?,,,,
Q0082,P03_ESCITALO,Escitalopram 10mg,SNC - Antidepresivos,ESCITALOPRAM CINFA 10 MG COMPRIMIDOS RECUBIERTOS CON PELICULA EFG,True,factual,storage,¿Cómo debo conservar ESCITALOPRAM CINFA 10 MG COMPRIMIDOS RECUBIERTOS CON PELICULA EFG?,,,,
Q0083,P03_ESCITALO,Escitalopram 10mg,SNC - Antidepresivos,ESCITALOPRAM CINFA 10 MG COMPRIMIDOS RECUBIERTOS CON PELICULA EFG,True,interaction,alcohol,¿Puedo tomar ESCITALOPRAM CINFA 10 MG COMPRIMIDOS RECUBIERTOS CON PELICULA EFG con alcohol?,,,,
Q0084,P03_ESCITALO,Escitalopram 10mg,SNC - Antidepresivos,ESCITALOPRAM CINFA 10 MG COMPRIMIDOS RECUBIERTOS CON PELICULA EFG,True,interaction,food,¿Puedo tomar ESCITALOPRAM CINFA 10 MG COMPRIMIDOS RECUBIERTOS CON PELICULA EFG con las comidas?,,,,
Q0085,P03_ESCITALO,Escitalopram 10mg,SNC - Antidepresivos,ESCITALOPRAM STADA 10 MG COMPRIMIDOS RECUBIERTOS CON PELICULA EFG,True,factual,indication,¿Para qué sirve ESCITALOPRAM STADA 10 MG COMPRIMIDOS RECUBIERTOS CON PELICULA EFG?,,,,
Q0086,P03_ESCITALO,Escitalopram 10mg,SNC - Antidepresivos,ESCITALOPRAM STADA 10 MG COMPRIMIDOS RECUBIERTOS CON PELICULA EFG,True,factual,adverse_effects,¿Cuáles son los efectos secundarios de ESCITALOPRAM STADA 10 MG COMPRIMIDOS RECUBIERTOS CON PELICULA EFG?,,,,
Q0087,P03_ESCITALO,Escitalopram 10mg,SNC - Antidepresivos,ESCITALOPRAM STADA 10 MG COMPRIMIDOS RECUBIERTOS CON PELICULA EFG,True,factual,pregnancy,¿Se puede tomar ESCITALOPRAM STADA 10 MG COMPRIMIDOS RECUBIERTOS CON PELICULA EFG durante el embarazo?,,,,
Q0088,P03_ESCITALO,Escitalopram 10mg,SNC - Antidepresivos,ESCITALOPRAM STADA 10 MG COMPRIMIDOS RECUBIERTOS CON PELICULA EFG,True,factual,dosage,¿Qué dosis de ESCITALOPRAM STADA 10 MG COMPRIMIDOS RECUBIERTOS CON PELICULA EFG debo tomar?,,,,
Q0089,P03_ESCITALO,Escitalopram 10mg,SNC - Antidepresivos,ESCITALOPRAM STADA 10 MG COMPRIMIDOS RECUBIERTOS CON PELICULA EFG,True,factual,driving,¿Puedo conducir si tomo ESCITALOPRAM STADA 10 MG COMPRIMIDOS RECUBIERTOS CON PELICULA EFG?,,,,
Q0090,P03_ESCITALO,Escitalopram 10mg,SNC - Antidepresivos,ESCITALOPRAM STADA 10 MG COMPRIMIDOS RECUBIERTOS CON PELICULA EFG,True,factual,contraindications,¿Cuándo no debo tomar ESCITALOPRAM STADA 10 MG COMPRIMIDOS RECUBIERTOS CON PELICULA EFG?,,,,
Q0091,P03_ESCITALO,Escitalopram 10mg,SNC - Antidepresivos,ESCITALOPRAM STADA 10 MG COMPRIMIDOS RECUBIERTOS CON PELICULA EFG,True,factual,storage,¿Cómo debo conservar ESCITALOPRAM STADA 10 MG COMPRIMIDOS RECUBIERTOS CON PELICULA EFG?,,,,
Q0092,P03_ESCITALO,Escitalopram 10mg,SNC - Antidepresivos,ESCITALOPRAM STADA 10 MG COMPRIMIDOS RECUBIERTOS CON PELICULA EFG,True,interaction,alcohol,¿Puedo tomar ESCITALOPRAM STADA 10 MG COMPRIMIDOS RECUBIERTOS CON PELICULA EFG con alcohol?,,,,
Q0093,P03_ESCITALO,Escitalopram 10mg,SNC - Antidepresivos,ESCITALOPRAM STADA 10 MG COMPRIMIDOS RECUBIERTOS CON PELICULA EFG,True,interaction,food,¿Puedo tomar ESCITALOPRAM STADA 10 MG COMPRIMIDOS RECUBIERTOS CON PELICULA EFG con las comidas?,,,,
Q0094,P03_ESCITALO,Escitalopram 10mg,SNC - Antidepresivos,CIPRALEX 10 MG COMPRIMIDOS RECUBIERTOS CON PELICULA vs ESCITALOPRAM CINFA 10 MG COMPRIMIDOS RECUBIERTOS CON PELICULA EFG,comparative,comparative,equivalence,¿Es lo mismo CIPRALEX 10 MG COMPRIMIDOS RECUBIERTOS CON PELICULA que ESCITALOPRAM CINFA 10 MG COMPRIMIDOS RECUBIERTOS CON PELICULA EFG?,,,,
Q0095,P03_ESCITALO,Escitalopram 10mg,SNC - Antidepresivos,CIPRALEX 10 MG COMPRIMIDOS RECUBIERTOS CON PELICULA vs ESCITALOPRAM CINFA 10 MG COMPRIMIDOS RECUBIERTOS CON PELICULA EFG,comparative,comparative,recommendation,"¿Qué es mejor, CIPRALEX 10 MG COMPRIMIDOS RECUBIERTOS CON PELICULA o ESCITALOPRAM CINFA 10 MG COMPRIMIDOS RECUBIERTOS CON PELICULA EFG?",,,,
Q0096,P03_ESCITALO,Escitalopram 10mg,SNC - Antidepresivos,CIPRALEX 10 MG COMPRIMIDOS RECUBIERTOS CON PELICULA vs ESCITALOPRAM CINFA 10 MG COMPRIMIDOS RECUBIERTOS CON PELICULA EFG,comparative,comparative,switching,¿Puedo cambiar de CIPRALEX 10 MG COMPRIMIDOS RECUBIERTOS CON PELICULA a ESCITALOPRAM CINFA 10 MG COMPRIMIDOS RECUBIERTOS CON PELICULA EFG?,,,,
Q0097,P03_ESCITALO,Escitalopram 10mg,SNC - Antidepresivos,CIPRALEX 10 MG COMPRIMIDOS RECUBIERTOS CON PELICULA vs ESCITALOPRAM STADA 10 MG COMPRIMIDOS RECUBIERTOS CON PELICULA EFG,comparative,comparative,equivalence,¿Es lo mismo CIPRALEX 10 MG COMPRIMIDOS RECUBIERTOS CON PELICULA que ESCITALOPRAM STADA 10 MG COMPRIMIDOS RECUBIERTOS CON PELICULA EFG?,,,,
Q0098,P03_ESCITALO,Escitalopram 10mg,SNC - Antidepresivos,CIPRALEX 10 MG COMPRIMIDOS RECUBIERTOS CON PELICULA vs ESCITALOPRAM STADA 10 MG COMPRIMIDOS RECUBIERTOS CON PELICULA EFG,comparative,comparative,recommendation,"¿Qué es mejor, CIPRALEX 10 MG COMPRIMIDOS RECUBIERTOS CON PELICULA o ESCITALOPRAM STADA 10 MG COMPRIMIDOS RECUBIERTOS CON PELICULA EFG?",,,,
Q0099,P03_ESCITALO,Escitalopram 10mg,SNC - Antidepresivos,CIPRALEX 10 MG COMPRIMIDOS RECUBIERTOS CON PELICULA vs ESCITALOPRAM STADA 10 MG COMPRIMIDOS RECUBIERTOS CON PELICULA EFG,comparative,comparative,switching,¿Puedo cambiar de CIPRALEX 10 MG COMPRIMIDOS RECUBIERTOS CON PELICULA a ESCITALOPRAM STADA 10 MG COMPRIMIDOS RECUBIERTOS CON PELICULA EFG?,,,,
Q0100,P04_AMOXICIL,Amoxicilina 500mg,Antiinfecciosos,CLAMOXYL 500 MG CAPSULAS DURAS,False,factual,indication,¿Para qué sirve CLAMOXYL 500 MG CAPSULAS DURAS?,,,,
Q0101,P04_AMOXICIL,Amoxicilina 500mg,Antiinfecciosos,CLAMOXYL 500 MG CAPSULAS DURAS,False,factual,adverse_effects,¿Cuáles son los efectos secundarios de CLAMOXYL 500 MG CAPSULAS DURAS?,,,,
Q0102,P04_AMOXICIL,Amoxicilina 500mg,Antiinfecciosos,CLAMOXYL 500 MG CAPSULAS DURAS,False,factual,pregnancy,¿Se puede tomar CLAMOXYL 500 MG CAPSULAS DURAS durante el embarazo?,,,,
Q0103,P04_AMOXICIL,Amoxicilina 500mg,Antiinfecciosos,CLAMOXYL 500 MG CAPSULAS DURAS,False,factual,dosage,¿Qué dosis de CLAMOXYL 500 MG CAPSULAS DURAS debo tomar?,,,,
Q0104,P04_AMOXICIL,Amoxicilina 500mg,Antiinfecciosos,CLAMOXYL 500 MG CAPSULAS DURAS,False,factual,driving,¿Puedo conducir si tomo CLAMOXYL 500 MG CAPSULAS DURAS?,,,,
Q0105,P04_AMOXICIL,Amoxicilina 500mg,Antiinfecciosos,CLAMOXYL 500 MG CAPSULAS DURAS,False,factual,contraindications,¿Cuándo no debo tomar CLAMOXYL 500 MG CAPSULAS DURAS?,,,,
Q0106,P04_AMOXICIL,Amoxicilina 500mg,Antiinfecciosos,CLAMOXYL 500 MG CAPSULAS DURAS,False,factual,storage,¿Cómo debo conservar CLAMOXYL 500 MG CAPSULAS DURAS?,,,,
Q0107,P04_AMOXICIL,Amoxicilina 500mg,Antiinfecciosos,CLAMOXYL 500 MG CAPSULAS DURAS,False,interaction,alcohol,¿Puedo tomar CLAMOXYL 500 MG CAPSULAS DURAS con alcohol?,,,,
Q0108,P04_AMOXICIL,Amoxicilina 500mg,Antiinfecciosos,CLAMOXYL 500 MG CAPSULAS DURAS,False,interaction,food,¿Puedo tomar CLAMOXYL 500 MG CAPSULAS DURAS con las comidas?,,,,
Q0109,P04_AMOXICIL,Amoxicilina 500mg,Antiinfecciosos,AMOXICILINA CINFA 500 MG CAPSULAS DURAS EFG,True,factual,indication,¿Para qué sirve AMOXICILINA CINFA 500 MG CAPSULAS DURAS EFG?,,,,
Q0110,P04_AMOXICIL,Amoxicilina 500mg,Antiinfecciosos,AMOXICILINA CINFA 500 MG CAPSULAS DURAS EFG,True,factual,adverse_effects,¿Cuáles son los efectos secundarios de AMOXICILINA CINFA 500 MG CAPSULAS DURAS EFG?,,,,
Q0111,P04_AMOXICIL,Amoxicilina 500mg,Antiinfecciosos,AMOXICILINA CINFA 500 MG CAPSULAS DURAS EFG,True,factual,pregnancy,¿Se puede tomar AMOXICILINA CINFA 500 MG CAPSULAS DURAS EFG durante el embarazo?,,,,
Q0112,P04_AMOXICIL,Amoxicilina 500mg,Antiinfecciosos,AMOXICILINA CINFA 500 MG CAPSULAS DURAS EFG,True,factual,dosage,¿Qué dosis de AMOXICILINA CINFA 500 MG CAPSULAS DURAS EFG debo tomar?,,,,
Q0113,P04_AMOXICIL,Amoxicilina 500mg,Antiinfecciosos,AMOXICILINA CINFA 500 MG CAPSULAS DURAS EFG,True,factual,driving,¿Puedo conducir si tomo AMOXICILINA CINFA 500 MG CAPSULAS DURAS EFG?,,,,
Q0114,P04_AMOXICIL,Amoxicilina 500mg,Antiinfecciosos,AMOXICILINA CINFA 500 MG CAPSULAS DURAS EFG,True,factual,contraindications,¿Cuándo no debo tomar AMOXICILINA CINFA 500 MG CAPSULAS DURAS EFG?,,,,
Q0115,P04_AMOXICIL,Amoxicilina 500mg,Antiinfecciosos,AMOXICILINA CINFA 500 MG CAPSULAS DURAS EFG,True,factual,storage,¿Cómo debo conservar AMOXICILINA CINFA 500 MG CAPSULAS DURAS EFG?,,,,
Q0116,P04_AMOXICIL,Amoxicilina 500mg,Antiinfecciosos,AMOXICILINA CINFA 500 MG CAPSULAS DURAS EFG,True,interaction,alcohol,¿Puedo tomar AMOXICILINA CINFA 500 MG CAPSULAS DURAS EFG con alcohol?,,,,
Q0117,P04_AMOXICIL,Amoxicilina 500mg,Antiinfecciosos,AMOXICILINA CINFA 500 MG CAPSULAS DURAS EFG,True,interaction,food,¿Puedo tomar AMOXICILINA CINFA 500 MG CAPSULAS DURAS EFG con las comidas?,,,,
Q0118,P04_AMOXICIL,Amoxicilina 500mg,Antiinfecciosos,AMOXICILINA NORMON 500 MG CAPSULAS DURAS EFG,True,factual,indication,¿Para qué sirve AMOXICILINA NORMON 500 MG CAPSULAS DURAS EFG?,,,,
Q0119,P04_AMOXICIL,Amoxicilina 500mg,Antiinfecciosos,AMOXICILINA NORMON 500 MG CAPSULAS DURAS EFG,True,factual,adverse_effects,¿Cuáles son los efectos secundarios de AMOXICILINA NORMON 500 MG CAPSULAS DURAS EFG?,,,,
Q0120,P04_AMOXICIL,Amoxicilina 500mg,Antiinfecciosos,AMOXICILINA NORMON 500 MG CAPSULAS DURAS EFG,True,factual,pregnancy,¿Se puede tomar AMOXICILINA NORMON 500 MG CAPSULAS DURAS EFG durante el embarazo?,,,,
Q0121,P04_AMOXICIL,Amoxicilina 500mg,Antiinfecciosos,AMOXICILINA NORMON 500 MG CAPSULAS DURAS EFG,True,factual,dosage,¿Qué dosis de AMOXICILINA NORMON 500 MG CAPSULAS DURAS EFG debo tomar?,,,,
Q0122,P04_AMOXICIL,Amoxicilina 500mg,Antiinfecciosos,AMOXICILINA NORMON 500 MG CAPSULAS DURAS EFG,True,factual,driving,¿Puedo conducir si tomo AMOXICILINA NORMON 500 MG CAPSULAS DURAS EFG?,,,,
Q0123,P04_AMOXICIL,Amoxicilina 500mg,Antiinfecciosos,AMOXICILINA NORMON 500 MG CAPSULAS DURAS EFG,True,factual,contraindications,¿Cuándo no debo tomar AMOXICILINA NORMON 500 MG CAPSULAS DURAS EFG?,,,,
Q0124,P04_AMOXICIL,Amoxicilina 500mg,Antiinfecciosos,AMOXICILINA NORMON 500 MG CAPSULAS DURAS EFG,True,factual,storage,¿Cómo debo conservar AMOXICILINA NORMON 500 MG CAPSULAS DURAS EFG?,,,,
Q0125,P04_AMOXICIL,Amoxicilina 500mg,Antiinfecciosos,AMOXICILINA NORMON 500 MG CAPSULAS DURAS EFG,True,interaction,alcohol,¿Puedo tomar AMOXICILINA NORMON 500 MG CAPSULAS DURAS EFG con alcohol?,,,,
Q0126,P04_AMOXICIL,Amoxicilina 500mg,Antiinfecciosos,AMOXICILINA NORMON 500 MG CAPSULAS DURAS EFG,True,interaction,food,¿Puedo tomar AMOXICILINA NORMON 500 MG CAPSULAS DURAS EFG con las comidas?,,,,
Q0127,P04_AMOXICIL,Amoxicilina 500mg,Antiinfecciosos,CLAMOXYL 500 MG CAPSULAS DURAS vs AMOXICILINA CINFA 500 MG CAPSULAS DURAS EFG,comparative,comparative,equivalence,¿Es lo mismo CLAMOXYL 500 MG CAPSULAS DURAS que AMOXICILINA CINFA 500 MG CAPSULAS DURAS EFG?,,,,
Q0128,P04_AMOXICIL,Amoxicilina 500mg,Antiinfecciosos,CLAMOXYL 500 MG CAPSULAS DURAS vs AMOXICILINA CINFA 500 MG CAPSULAS DURAS EFG,comparative,comparative,recommendation,"¿Qué es mejor, CLAMOXYL 500 MG CAPSULAS DURAS o AMOXICILINA CINFA 500 MG CAPSULAS DURAS EFG?",,,,
Q0129,P04_AMOXICIL,Amoxicilina 500mg,Antiinfecciosos,CLAMOXYL 500 MG CAPSULAS DURAS vs AMOXICILINA CINFA 500 MG CAPSULAS DURAS EFG,comparative,comparative,switching,¿Puedo cambiar de CLAMOXYL 500 MG CAPSULAS DURAS a AMOXICILINA CINFA 500 MG CAPSULAS DURAS EFG?,,,,
Q0130,P04_AMOXICIL,Amoxicilina 500mg,Antiinfecciosos,CLAMOXYL 500 MG CAPSULAS DURAS vs AMOXICILINA NORMON 500 MG CAPSULAS DURAS EFG,comparative,comparative,equivalence,¿Es lo mismo CLAMOXYL 500 MG CAPSULAS DURAS que AMOXICILINA NORMON 500 MG CAPSULAS DURAS EFG?,,,,
Q0131,P04_AMOXICIL,Amoxicilina 500mg,Antiinfecciosos,CLAMOXYL 500 MG CAPSULAS DURAS vs AMOXICILINA NORMON 500 MG CAPSULAS DURAS EFG,comparative,comparative,recommendation,"¿Qué es mejor, CLAMOXYL 500 MG CAPSULAS DURAS o AMOXICILINA NORMON 500 MG CAPSULAS DURAS EFG?",,,,
Q0132,P04_AMOXICIL,Amoxicilina 500mg,Antiinfecciosos,CLAMOXYL 500 MG CAPSULAS DURAS vs AMOXICILINA NORMON 500 MG CAPSULAS DURAS EFG,comparative,comparative,switching,¿Puedo cambiar de CLAMOXYL 500 MG CAPSULAS DURAS a AMOXICILINA NORMON 500 MG CAPSULAS DURAS EFG?,,,,
Q0133,P05_IBUPROFENO,Ibuprofeno 600mg,Antiinflamatorio,NEOBRUFEN 600 MG COMPRIMIDOS RECUBIERTOS CON PELICULA,False,factual,indication,¿Para qué sirve NEOBRUFEN 600 MG COMPRIMIDOS RECUBIERTOS CON PELICULA?,,,,
Q0134,P05_IBUPROFENO,Ibuprofeno 600mg,Antiinflamatorio,NEOBRUFEN 600 MG COMPRIMIDOS RECUBIERTOS CON PELICULA,False,factual,adverse_effects,¿Cuáles son los efectos secundarios de NEOBRUFEN 600 MG COMPRIMIDOS RECUBIERTOS CON PELICULA?,,,,
Q0135,P05_IBUPROFENO,Ibuprofeno 600mg,Antiinflamatorio,NEOBRUFEN 600 MG COMPRIMIDOS RECUBIERTOS CON PELICULA,False,factual,pregnancy,¿Se puede tomar NEOBRUFEN 600 MG COMPRIMIDOS RECUBIERTOS CON PELICULA durante el embarazo?,,,,
Q0136,P05_IBUPROFENO,Ibuprofeno 600mg,Antiinflamatorio,NEOBRUFEN 600 MG COMPRIMIDOS RECUBIERTOS CON PELICULA,False,factual,dosage,¿Qué dosis de NEOBRUFEN 600 MG COMPRIMIDOS RECUBIERTOS CON PELICULA debo tomar?,,,,
Q0137,P05_IBUPROFENO,Ibuprofeno 600mg,Antiinflamatorio,NEOBRUFEN 600 MG COMPRIMIDOS RECUBIERTOS CON PELICULA,False,factual,driving,¿Puedo conducir si tomo NEOBRUFEN 600 MG COMPRIMIDOS RECUBIERTOS CON PELICULA?,,,,
Q0138,P05_IBUPROFENO,Ibuprofeno 600mg,Antiinflamatorio,NEOBRUFEN 600 MG COMPRIMIDOS RECUBIERTOS CON PELICULA,False,factual,contraindications,¿Cuándo no debo tomar NEOBRUFEN 600 MG COMPRIMIDOS RECUBIERTOS CON PELICULA?,,,,
Q0139,P05_IBUPROFENO,Ibuprofeno 600mg,Antiinflamatorio,NEOBRUFEN 600 MG COMPRIMIDOS RECUBIERTOS CON PELICULA,False,factual,storage,¿Cómo debo conservar NEOBRUFEN 600 MG COMPRIMIDOS RECUBIERTOS CON PELICULA?,,,,
Q0140,P05_IBUPROFENO,Ibuprofeno 600mg,Antiinflamatorio,NEOBRUFEN 600 MG COMPRIMIDOS RECUBIERTOS CON PELICULA,False,interaction,alcohol,¿Puedo tomar NEOBRUFEN 600 MG COMPRIMIDOS RECUBIERTOS CON PELICULA con alcohol?,,,,
Q0141,P05_IBUPROFENO,Ibuprofeno 600mg,Antiinflamatorio,NEOBRUFEN 600 MG COMPRIMIDOS RECUBIERTOS CON PELICULA,False,interaction,food,¿Puedo tomar NEOBRUFEN 600 MG COMPRIMIDOS RECUBIERTOS CON PELICULA con las comidas?,,,,
Q0142,P05_IBUPROFENO,Ibuprofeno 600mg,Antiinflamatorio,IBUPROFENO CINFA 600 MG COMPRIMIDOS RECUBIERTOS CON PELICULA EFG,True,factual,indication,¿Para qué sirve IBUPROFENO CINFA 600 MG COMPRIMIDOS RECUBIERTOS CON PELICULA EFG?,,,,
Q0143,P05_IBUPROFENO,Ibuprofeno 600mg,Antiinflamatorio,IBUPROFENO CINFA 600 MG COMPRIMIDOS RECUBIERTOS CON PELICULA EFG,True,factual,adverse_effects,¿Cuáles son los efectos secundarios de IBUPROFENO CINFA 600 MG COMPRIMIDOS RECUBIERTOS CON PELICULA EFG?,,,,
Q0144,P05_IBUPROFENO,Ibuprofeno 600mg,Antiinflamatorio,IBUPROFENO CINFA 600 MG COMPRIMIDOS RECUBIERTOS CON PELICULA EFG,True,factual,pregnancy,¿Se puede tomar IBUPROFENO CINFA 600 MG COMPRIMIDOS RECUBIERTOS CON PELICULA EFG durante el embarazo?,,,,
Q0145,P05_IBUPROFENO,Ibuprofeno 600mg,Antiinflamatorio,IBUPROFENO CINFA 600 MG COMPRIMIDOS RECUBIERTOS CON PELICULA EFG,True,factual,dosage,¿Qué dosis de IBUPROFENO CINFA 600 MG COMPRIMIDOS RECUBIERTOS CON PELICULA EFG debo tomar?,,,,
Q0146,P05_IBUPROFENO,Ibuprofeno 600mg,Antiinflamatorio,IBUPROFENO CINFA 600 MG COMPRIMIDOS RECUBIERTOS CON PELICULA EFG,True,factual,driving,¿Puedo conducir si tomo IBUPROFENO CINFA 600 MG COMPRIMIDOS RECUBIERTOS CON PELICULA EFG?,,,,
Q0147,P05_IBUPROFENO,Ibuprofeno 600mg,Antiinflamatorio,IBUPROFENO CINFA 600 MG COMPRIMIDOS RECUBIERTOS CON PELICULA EFG,True,factual,contraindications,¿Cuándo no debo tomar IBUPROFENO CINFA 600 MG COMPRIMIDOS RECUBIERTOS CON PELICULA EFG?,,,,
Q0148,P05_IBUPROFENO,Ibuprofeno 600mg,Antiinflamatorio,IBUPROFENO CINFA 600 MG COMPRIMIDOS RECUBIERTOS CON PELICULA EFG,True,factual,storage,¿Cómo debo conservar IBUPROFENO CINFA 600 MG COMPRIMIDOS RECUBIERTOS CON PELICULA EFG?,,,,
Q0149,P05_IBUPROFENO,Ibuprofeno 600mg,Antiinflamatorio,IBUPROFENO CINFA 600 MG COMPRIMIDOS RECUBIERTOS CON PELICULA EFG,True,interaction,alcohol,¿Puedo tomar IBUPROFENO CINFA 600 MG COMPRIMIDOS RECUBIERTOS CON PELICULA EFG con alcohol?,,,,
Q0150,P05_IBUPROFENO,Ibuprofeno 600mg,Antiinflamatorio,IBUPROFENO CINFA 600 MG COMPRIMIDOS RECUBIERTOS CON PELICULA EFG,True,interaction,food,¿Puedo tomar IBUPROFENO CINFA 600 MG COMPRIMIDOS RECUBIERTOS CON PELICULA EFG con las comidas?,,,,
Q0151,P05_IBUPROFENO,Ibuprofeno 600mg,Antiinflamatorio,IBUPROFENO KERN PHARMA 600 MG COMPRIMIDOS RECUBIERTOS CON PELICULA EFG,True,factual,indication,¿Para qué sirve IBUPROFENO KERN PHARMA 600 MG COMPRIMIDOS RECUBIERTOS CON PELICULA EFG?,,,,
Q0152,P05_IBUPROFENO,Ibuprofeno 600mg,Antiinflamatorio,IBUPROFENO KERN PHARMA 600 MG COMPRIMIDOS RECUBIERTOS CON PELICULA EFG,True,factual,adverse_effects,¿Cuáles son los efectos secundarios de IBUPROFENO KERN PHARMA 600 MG COMPRIMIDOS RECUBIERTOS CON PELICULA EFG?,,,,
Q0153,P05_IBUPROFENO,Ibuprofeno 600mg,Antiinflamatorio,IBUPROFENO KERN PHARMA 600 MG COMPRIMIDOS RECUBIERTOS CON PELICULA EFG,True,factual,pregnancy,¿Se puede tomar IBUPROFENO KERN PHARMA 600 MG COMPRIMIDOS RECUBIERTOS CON PELICULA EFG durante el embarazo?,,,,
Q0154,P05_IBUPROFENO,Ibuprofeno 600mg,Antiinflamatorio,IBUPROFENO KERN PHARMA 600 MG COMPRIMIDOS RECUBIERTOS CON PELICULA EFG,True,factual,dosage,¿Qué dosis de IBUPROFENO KERN PHARMA 600 MG COMPRIMIDOS RECUBIERTOS CON PELICULA EFG debo tomar?,,,,
Q0155,P05_IBUPROFENO,Ibuprofeno 600mg,Antiinflamatorio,IBUPROFENO KERN PHARMA 600 MG COMPRIMIDOS RECUBIERTOS CON PELICULA EFG,True,factual,driving,¿Puedo conducir si tomo IBUPROFENO KERN PHARMA 600 MG COMPRIMIDOS RECUBIERTOS CON PELICULA EFG?,,,,
Q0156,P05_IBUPROFENO,Ibuprofeno 600mg,Antiinflamatorio,IBUPROFENO KERN PHARMA 600 MG COMPRIMIDOS RECUBIERTOS CON PELICULA EFG,True,factual,contraindications,¿Cuándo no debo tomar IBUPROFENO KERN PHARMA 600 MG COMPRIMIDOS RECUBIERTOS CON PELICULA EFG?,,,,
Q0157,P05_IBUPROFENO,Ibuprofeno 600mg,Antiinflamatorio,IBUPROFENO KERN PHARMA 600 MG COMPRIMIDOS RECUBIERTOS CON PELICULA EFG,True,factual,storage,¿Cómo debo conservar IBUPROFENO KERN PHARMA 600 MG COMPRIMIDOS RECUBIERTOS CON PELICULA EFG?,,,,
Q0158,P05_IBUPROFENO,Ibuprofeno 600mg,Antiinflamatorio,IBUPROFENO KERN PHARMA 600 MG COMPRIMIDOS RECUBIERTOS CON PELICULA EFG,True,interaction,alcohol,¿Puedo tomar IBUPROFENO KERN PHARMA 600 MG COMPRIMIDOS RECUBIERTOS CON PELICULA EFG con alcohol?,,,,
Q0159,P05_IBUPROFENO,Ibuprofeno 600mg,Antiinflamatorio,IBUPROFENO KERN PHARMA 600 MG COMPRIMIDOS RECUBIERTOS CON PELICULA EFG,True,interaction,food,¿Puedo tomar IBUPROFENO KERN PHARMA 600 MG COMPRIMIDOS RECUBIERTOS CON PELICULA EFG con las comidas?,,,,
Q0160,P05_IBUPROFENO,Ibuprofeno 600mg,Antiinflamatorio,NEOBRUFEN 600 MG COMPRIMIDOS RECUBIERTOS CON PELICULA vs IBUPROFENO CINFA 600 MG COMPRIMIDOS RECUBIERTOS CON PELICULA EFG,comparative,comparative,equivalence,¿Es lo mismo NEOBRUFEN 600 MG COMPRIMIDOS RECUBIERTOS CON PELICULA que IBUPROFENO CINFA 600 MG COMPRIMIDOS RECUBIERTOS CON PELICULA EFG?,,,,
Q0161,P05_IBUPROFENO,Ibuprofeno 600mg,Antiinflamatorio,NEOBRUFEN 600 MG COMPRIMIDOS RECUBIERTOS CON PELICULA vs IBUPROFENO CINFA 600 MG COMPRIMIDOS RECUBIERTOS CON PELICULA EFG,comparative,comparative,recommendation,"¿Qué es mejor, NEOBRUFEN 600 MG COMPRIMIDOS RECUBIERTOS CON PELICULA o IBUPROFENO CINFA 600 MG COMPRIMIDOS RECUBIERTOS CON PELICULA EFG?",,,,
Q0162,P05_IBUPROFENO,Ibuprofeno 600mg,Antiinflamatorio,NEOBRUFEN 600 MG COMPRIMIDOS RECUBIERTOS CON PELICULA vs IBUPROFENO CINFA 600 MG COMPRIMIDOS RECUBIERTOS CON PELICULA EFG,comparative,comparative,switching,¿Puedo cambiar de NEOBRUFEN 600 MG COMPRIMIDOS RECUBIERTOS CON PELICULA a IBUPROFENO CINFA 600 MG COMPRIMIDOS RECUBIERTOS CON PELICULA EFG?,,,,
Q0163,P05_IBUPROFENO,Ibuprofeno 600mg,Antiinflamatorio,NEOBRUFEN 600 MG COMPRIMIDOS RECUBIERTOS CON PELICULA vs IBUPROFENO KERN PHARMA 600 MG COMPRIMIDOS RECUBIERTOS CON PELICULA EFG,comparative,comparative,equivalence,¿Es lo mismo NEOBRUFEN 600 MG COMPRIMIDOS RECUBIERTOS CON PELICULA que IBUPROFENO KERN PHARMA 600 MG COMPRIMIDOS RECUBIERTOS CON PELICULA EFG?,,,,
Q0164,P05_IBUPROFENO,Ibuprofeno 600mg,Antiinflamatorio,NEOBRUFEN 600 MG COMPRIMIDOS RECUBIERTOS CON PELICULA vs IBUPROFENO KERN PHARMA 600 MG COMPRIMIDOS RECUBIERTOS CON PELICULA EFG,comparative,comparative,recommendation,"¿Qué es mejor, NEOBRUFEN 600 MG COMPRIMIDOS RECUBIERTOS CON PELICULA o IBUPROFENO KERN PHARMA 600 MG COMPRIMIDOS RECUBIERTOS CON PELICULA EFG?",,,,
Q0165,P05_IBUPROFENO,Ibuprofeno 600mg,Antiinflamatorio,NEOBRUFEN 600 MG COMPRIMIDOS RECUBIERTOS CON PELICULA vs IBUPROFENO KERN PHARMA 600 MG COMPRIMIDOS RECUBIERTOS CON PELICULA EFG,comparative,comparative,switching,¿Puedo cambiar de NEOBRUFEN 600 MG COMPRIMIDOS RECUBIERTOS CON PELICULA a IBUPROFENO KERN PHARMA 600 MG COMPRIMIDOS RECUBIERTOS CON PELICULA EFG?,,,,
Q0166,P06_METFORM,Metformina 850mg,Metabolismo,DIANBEN 850 MG COMPRIMIDOS RECUBIERTOS CON PELICULA,False,factual,indication,¿Para qué sirve DIANBEN 850 MG COMPRIMIDOS RECUBIERTOS CON PELICULA?,,,,
Q0167,P06_METFORM,Metformina 850mg,Metabolismo,DIANBEN 850 MG COMPRIMIDOS RECUBIERTOS CON PELICULA,False,factual,adverse_effects,¿Cuáles son los efectos secundarios de DIANBEN 850 MG COMPRIMIDOS RECUBIERTOS CON PELICULA?,,,,
Q0168,P06_METFORM,Metformina 850mg,Metabolismo,DIANBEN 850 MG COMPRIMIDOS RECUBIERTOS CON PELICULA,False,factual,pregnancy,¿Se puede tomar DIANBEN 850 MG COMPRIMIDOS RECUBIERTOS CON PELICULA durante el embarazo?,,,,
Q0169,P06_METFORM,Metformina 850mg,Metabolismo,DIANBEN 850 MG COMPRIMIDOS RECUBIERTOS CON PELICULA,False,factual,dosage,¿Qué dosis de DIANBEN 850 MG COMPRIMIDOS RECUBIERTOS CON PELICULA debo tomar?,,,,
Q0170,P06_METFORM,Metformina 850mg,Metabolismo,DIANBEN 850 MG COMPRIMIDOS RECUBIERTOS CON PELICULA,False,factual,driving,¿Puedo conducir si tomo DIANBEN 850 MG COMPRIMIDOS RECUBIERTOS CON PELICULA?,,,,
Q0171,P06_METFORM,Metformina 850mg,Metabolismo,DIANBEN 850 MG COMPRIMIDOS RECUBIERTOS CON PELICULA,False,factual,contraindications,¿Cuándo no debo tomar DIANBEN 850 MG COMPRIMIDOS RECUBIERTOS CON PELICULA?,,,,
Q0172,P06_METFORM,Metformina 850mg,Metabolismo,DIANBEN 850 MG COMPRIMIDOS RECUBIERTOS CON PELICULA,False,factual,storage,¿Cómo debo conservar DIANBEN 850 MG COMPRIMIDOS RECUBIERTOS CON PELICULA?,,,,
Q0173,P06_METFORM,Metformina 850mg,Metabolismo,DIANBEN 850 MG COMPRIMIDOS RECUBIERTOS CON PELICULA,False,interaction,alcohol,¿Puedo tomar DIANBEN 850 MG COMPRIMIDOS RECUBIERTOS CON PELICULA con alcohol?,,,,
Q0174,P06_METFORM,Metformina 850mg,Metabolismo,DIANBEN 850 MG COMPRIMIDOS RECUBIERTOS CON PELICULA,False,interaction,food,¿Puedo tomar DIANBEN 850 MG COMPRIMIDOS RECUBIERTOS CON PELICULA con las comidas?,,,,
Q0175,P06_METFORM,Metformina 850mg,Metabolismo,METFORMINA CINFA 850 MG COMPRIMIDOS RECUBIERTOS CON PELICULA EFG,True,factual,indication,¿Para qué sirve METFORMINA CINFA 850 MG COMPRIMIDOS RECUBIERTOS CON PELICULA EFG?,,,,
Q0176,P06_METFORM,Metformina 850mg,Metabolismo,METFORMINA CINFA 850 MG COMPRIMIDOS RECUBIERTOS CON PELICULA EFG,True,factual,adverse_effects,¿Cuáles son los efectos secundarios de METFORMINA CINFA 850 MG COMPRIMIDOS RECUBIERTOS CON PELICULA EFG?,,,,
Q0177,P06_METFORM,Metformina 850mg,Metabolismo,METFORMINA CINFA 850 MG COMPRIMIDOS RECUBIERTOS CON PELICULA EFG,True,factual,pregnancy,¿Se puede tomar METFORMINA CINFA 850 MG COMPRIMIDOS RECUBIERTOS CON PELICULA EFG durante el embarazo?,,,,
Q0178,P06_METFORM,Metformina 850mg,Metabolismo,METFORMINA CINFA 850 MG COMPRIMIDOS RECUBIERTOS CON PELICULA EFG,True,factual,dosage,¿Qué dosis de METFORMINA CINFA 850 MG COMPRIMIDOS RECUBIERTOS CON PELICULA EFG debo tomar?,,,,
Q0179,P06_METFORM,Metformina 850mg,Metabolismo,METFORMINA CINFA 850 MG COMPRIMIDOS RECUBIERTOS CON PELICULA EFG,True,factual,driving,¿Puedo conducir si tomo METFORMINA CINFA 850 MG COMPRIMIDOS RECUBIERTOS CON PELICULA EFG?,,,,
Q0180,P06_METFORM,Metformina 850mg,Metabolismo,METFORMINA CINFA 850 MG COMPRIMIDOS RECUBIERTOS CON PELICULA EFG,True,factual,contraindications,¿Cuándo no debo tomar METFORMINA CINFA 850 MG COMPRIMIDOS RECUBIERTOS CON PELICULA EFG?,,,,
Q0181,P06_METFORM,Metformina 850mg,Metabolismo,METFORMINA CINFA 850 MG COMPRIMIDOS RECUBIERTOS CON PELICULA EFG,True,factual,storage,¿Cómo debo conservar METFORMINA CINFA 850 MG COMPRIMIDOS RECUBIERTOS CON PELICULA EFG?,,,,
Q0182,P06_METFORM,Metformina 850mg,Metabolismo,METFORMINA CINFA 850 MG COMPRIMIDOS RECUBIERTOS CON PELICULA EFG,True,interaction,alcohol,¿Puedo tomar METFORMINA CINFA 850 MG COMPRIMIDOS RECUBIERTOS CON PELICULA EFG con alcohol?,,,,
Q0183,P06_METFORM,Metformina 850mg,Metabolismo,METFORMINA CINFA 850 MG COMPRIMIDOS RECUBIERTOS CON PELICULA EFG,True,interaction,food,¿Puedo tomar METFORMINA CINFA 850 MG COMPRIMIDOS RECUBIERTOS CON PELICULA EFG con las comidas?,,,,
Q0184,P06_METFORM,Metformina 850mg,Metabolismo,METFORMINA KERN PHARMA 850 MG COMPRIMIDOS RECUBIERTOS CON PELICULA EFG,True,factual,indication,¿Para qué sirve METFORMINA KERN PHARMA 850 MG COMPRIMIDOS RECUBIERTOS CON PELICULA EFG?,,,,
Q0185,P06_METFORM,Metformina 850mg,Metabolismo,METFORMINA KERN PHARMA 850 MG COMPRIMIDOS RECUBIERTOS CON PELICULA EFG,True,factual,adverse_effects,¿Cuáles son los efectos secundarios de METFORMINA KERN PHARMA 850 MG COMPRIMIDOS RECUBIERTOS CON PELICULA EFG?,,,,
Q0186,P06_METFORM,Metformina 850mg,Metabolismo,METFORMINA KERN PHARMA 850 MG COMPRIMIDOS RECUBIERTOS CON PELICULA EFG,True,factual,pregnancy,¿Se puede tomar METFORMINA KERN PHARMA 850 MG COMPRIMIDOS RECUBIERTOS CON PELICULA EFG durante el embarazo?,,,,
Q0187,P06_METFORM,Metformina 850mg,Metabolismo,METFORMINA KERN PHARMA 850 MG COMPRIMIDOS RECUBIERTOS CON PELICULA EFG,True,factual,dosage,¿Qué dosis de METFORMINA KERN PHARMA 850 MG COMPRIMIDOS RECUBIERTOS CON PELICULA EFG debo tomar?,,,,
Q0188,P06_METFORM,Metformina 850mg,Metabolismo,METFORMINA KERN PHARMA 850 MG COMPRIMIDOS RECUBIERTOS CON PELICULA EFG,True,factual,driving,¿Puedo conducir si tomo METFORMINA KERN PHARMA 850 MG COMPRIMIDOS RECUBIERTOS CON PELICULA EFG?,,,,
Q0189,P06_METFORM,Metformina 850mg,Metabolismo,METFORMINA KERN PHARMA 850 MG COMPRIMIDOS RECUBIERTOS CON PELICULA EFG,True,factual,contraindications,¿Cuándo no debo tomar METFORMINA KERN PHARMA 850 MG COMPRIMIDOS RECUBIERTOS CON PELICULA EFG?,,,,
Q0190,P06_METFORM,Metformina 850mg,Metabolismo,METFORMINA KERN PHARMA 850 MG COMPRIMIDOS RECUBIERTOS CON PELICULA EFG,True,factual,storage,¿Cómo debo conservar METFORMINA KERN PHARMA 850 MG COMPRIMIDOS RECUBIERTOS CON PELICULA EFG?,,,,
Q0191,P06_METFORM,Metformina 850mg,Metabolismo,METFORMINA KERN PHARMA 850 MG COMPRIMIDOS RECUBIERTOS CON PELICULA EFG,True,interaction,alcohol,¿Puedo tomar METFORMINA KERN PHARMA 850 MG COMPRIMIDOS RECUBIERTOS CON PELICULA EFG con alcohol?,,,,
Q0192,P06_METFORM,Metformina 850mg,Metabolismo,METFORMINA KERN PHARMA 850 MG COMPRIMIDOS RECUBIERTOS CON PELICULA EFG,True,interaction,food,¿Puedo tomar METFORMINA KERN PHARMA 850 MG COMPRIMIDOS RECUBIERTOS CON PELICULA EFG con las comidas?,,,,
Q0193,P06_METFORM,Metformina 850mg,Metabolismo,DIANBEN 850 MG COMPRIMIDOS RECUBIERTOS CON PELICULA vs METFORMINA CINFA 850 MG COMPRIMIDOS RECUBIERTOS CON PELICULA EFG,comparative,comparative,equivalence,¿Es lo mismo DIANBEN 850 MG COMPRIMIDOS RECUBIERTOS CON PELICULA que METFORMINA CINFA 850 MG COMPRIMIDOS RECUBIERTOS CON PELICULA EFG?,,,,
Q0194,P06_METFORM,Metformina 850mg,Metabolismo,DIANBEN 850 MG COMPRIMIDOS RECUBIERTOS CON PELICULA vs METFORMINA CINFA 850 MG COMPRIMIDOS RECUBIERTOS CON PELICULA EFG,comparative,comparative,recommendation,"¿Qué es mejor, DIANBEN 850 MG COMPRIMIDOS RECUBIERTOS CON PELICULA o METFORMINA CINFA 850 MG COMPRIMIDOS RECUBIERTOS CON PELICULA EFG?",,,,
Q0195,P06_METFORM,Metformina 850mg,Metabolismo,DIANBEN 850 MG COMPRIMIDOS RECUBIERTOS CON PELICULA vs METFORMINA CINFA 850 MG COMPRIMIDOS RECUBIERTOS CON PELICULA EFG,comparative,comparative,switching,¿Puedo cambiar de DIANBEN 850 MG COMPRIMIDOS RECUBIERTOS CON PELICULA a METFORMINA CINFA 850 MG COMPRIMIDOS RECUBIERTOS CON PELICULA EFG?,,,,
Q0196,P06_METFORM,Metformina 850mg,Metabolismo,DIANBEN 850 MG COMPRIMIDOS RECUBIERTOS CON PELICULA vs METFORMINA KERN PHARMA 850 MG COMPRIMIDOS RECUBIERTOS CON PELICULA EFG,comparative,comparative,equivalence,¿Es lo mismo DIANBEN 850 MG COMPRIMIDOS RECUBIERTOS CON PELICULA que METFORMINA KERN PHARMA 850 MG COMPRIMIDOS RECUBIERTOS CON PELICULA EFG?,,,,
Q0197,P06_METFORM,Metformina 850mg,Metabolismo,DIANBEN 850 MG COMPRIMIDOS RECUBIERTOS CON PELICULA vs METFORMINA KERN PHARMA 850 MG COMPRIMIDOS RECUBIERTOS CON PELICULA EFG,comparative,comparative,recommendation,"¿Qué es mejor, DIANBEN 850 MG COMPRIMIDOS RECUBIERTOS CON PELICULA o METFORMINA KERN PHARMA 850 MG COMPRIMIDOS RECUBIERTOS CON PELICULA EFG?",,,,
Q0198,P06_METFORM,Metformina 850mg,Metabolismo,DIANBEN 850 MG COMPRIMIDOS RECUBIERTOS CON PELICULA vs METFORMINA KERN PHARMA 850 MG COMPRIMIDOS RECUBIERTOS CON PELICULA EFG,comparative,comparative,switching,¿Puedo cambiar de DIANBEN 850 MG COMPRIMIDOS RECUBIERTOS CON PELICULA a METFORMINA KERN PHARMA 850 MG COMPRIMIDOS RECUBIERTOS CON PELICULA EFG?,,,,
Q0199,P07_SERTRAL,Sertralina 50mg,SNC - Antidepresivos,BESITRAN 50 MG COMPRIMIDOS RECUBIERTOS CON PELICULA,False,factual,indication,¿Para qué sirve BESITRAN 50 MG COMPRIMIDOS RECUBIERTOS CON PELICULA?,,,,
Q0200,P07_SERTRAL,Sertralina 50mg,SNC - Antidepresivos,BESITRAN 50 MG COMPRIMIDOS RECUBIERTOS CON PELICULA,False,factual,adverse_effects,¿Cuáles son los efectos secundarios de BESITRAN 50 MG COMPRIMIDOS RECUBIERTOS CON PELICULA?,,,,
Q0201,P07_SERTRAL,Sertralina 50mg,SNC - Antidepresivos,BESITRAN 50 MG COMPRIMIDOS RECUBIERTOS CON PELICULA,False,factual,pregnancy,¿Se puede tomar BESITRAN 50 MG COMPRIMIDOS RECUBIERTOS CON PELICULA durante el embarazo?,,,,
Q0202,P07_SERTRAL,Sertralina 50mg,SNC - Antidepresivos,BESITRAN 50 MG COMPRIMIDOS RECUBIERTOS CON PELICULA,False,factual,dosage,¿Qué dosis de BESITRAN 50 MG COMPRIMIDOS RECUBIERTOS CON PELICULA debo tomar?,,,,
Q0203,P07_SERTRAL,Sertralina 50mg,SNC - Antidepresivos,BESITRAN 50 MG COMPRIMIDOS RECUBIERTOS CON PELICULA,False,factual,driving,¿Puedo conducir si tomo BESITRAN 50 MG COMPRIMIDOS RECUBIERTOS CON PELICULA?,,,,
Q0204,P07_SERTRAL,Sertralina 50mg,SNC - Antidepresivos,BESITRAN 50 MG COMPRIMIDOS RECUBIERTOS CON PELICULA,False,factual,contraindications,¿Cuándo no debo tomar BESITRAN 50 MG COMPRIMIDOS RECUBIERTOS CON PELICULA?,,,,
Q0205,P07_SERTRAL,Sertralina 50mg,SNC - Antidepresivos,BESITRAN 50 MG COMPRIMIDOS RECUBIERTOS CON PELICULA,False,factual,storage,¿Cómo debo conservar BESITRAN 50 MG COMPRIMIDOS RECUBIERTOS CON PELICULA?,,,,
Q0206,P07_SERTRAL,Sertralina 50mg,SNC - Antidepresivos,BESITRAN 50 MG COMPRIMIDOS RECUBIERTOS CON PELICULA,False,interaction,alcohol,¿Puedo tomar BESITRAN 50 MG COMPRIMIDOS RECUBIERTOS CON PELICULA con alcohol?,,,,
Q0207,P07_SERTRAL,Sertralina 50mg,SNC - Antidepresivos,BESITRAN 50 MG COMPRIMIDOS RECUBIERTOS CON PELICULA,False,interaction,food,¿Puedo tomar BESITRAN 50 MG COMPRIMIDOS RECUBIERTOS CON PELICULA con las comidas?,,,,
Q0208,P07_SERTRAL,Sertralina 50mg,SNC - Antidepresivos,SERTRALINA CINFA 50 MG COMPRIMIDOS RECUBIERTOS CON PELICULA EFG,True,factual,indication,¿Para qué sirve SERTRALINA CINFA 50 MG COMPRIMIDOS RECUBIERTOS CON PELICULA EFG?,,,,
Q0209,P07_SERTRAL,Sertralina 50mg,SNC - Antidepresivos,SERTRALINA CINFA 50 MG COMPRIMIDOS RECUBIERTOS CON PELICULA EFG,True,factual,adverse_effects,¿Cuáles son los efectos secundarios de SERTRALINA CINFA 50 MG COMPRIMIDOS RECUBIERTOS CON PELICULA EFG?,,,,
Q0210,P07_SERTRAL,Sertralina 50mg,SNC - Antidepresivos,SERTRALINA CINFA 50 MG COMPRIMIDOS RECUBIERTOS CON PELICULA EFG,True,factual,pregnancy,¿Se puede tomar SERTRALINA CINFA 50 MG COMPRIMIDOS RECUBIERTOS CON PELICULA EFG durante el embarazo?,,,,
Q0211,P07_SERTRAL,Sertralina 50mg,SNC - Antidepresivos,SERTRALINA CINFA 50 MG COMPRIMIDOS RECUBIERTOS CON PELICULA EFG,True,factual,dosage,¿Qué dosis de SERTRALINA CINFA 50 MG COMPRIMIDOS RECUBIERTOS CON PELICULA EFG debo tomar?,,,,
Q0212,P07_SERTRAL,Sertralina 50mg,SNC - Antidepresivos,SERTRALINA CINFA 50 MG COMPRIMIDOS RECUBIERTOS CON PELICULA EFG,True,factual,driving,¿Puedo conducir si tomo SERTRALINA CINFA 50 MG COMPRIMIDOS RECUBIERTOS CON PELICULA EFG?,,,,
Q0213,P07_SERTRAL,Sertralina 50mg,SNC - Antidepresivos,SERTRALINA CINFA 50 MG COMPRIMIDOS RECUBIERTOS CON PELICULA EFG,True,factual,contraindications,¿Cuándo no debo tomar SERTRALINA CINFA 50 MG COMPRIMIDOS RECUBIERTOS CON PELICULA EFG?,,,,
Q0214,P07_SERTRAL,Sertralina 50mg,SNC - Antidepresivos,SERTRALINA CINFA 50 MG COMPRIMIDOS RECUBIERTOS CON PELICULA EFG,True,factual,storage,¿Cómo debo conservar SERTRALINA CINFA 50 MG COMPRIMIDOS RECUBIERTOS CON PELICULA EFG?,,,,
Q0215,P07_SERTRAL,Sertralina 50mg,SNC - Antidepresivos,SERTRALINA CINFA 50 MG COMPRIMIDOS RECUBIERTOS CON PELICULA EFG,True,interaction,alcohol,¿Puedo tomar SERTRALINA CINFA 50 MG COMPRIMIDOS RECUBIERTOS CON PELICULA EFG con alcohol?,,,,
Q0216,P07_SERTRAL,Sertralina 50mg,SNC - Antidepresivos,SERTRALINA CINFA 50 MG COMPRIMIDOS RECUBIERTOS CON PELICULA EFG,True,interaction,food,¿Puedo tomar SERTRALINA CINFA 50 MG COMPRIMIDOS RECUBIERTOS CON PELICULA EFG con las comidas?,,,,
Q0217,P07_SERTRAL,Sertralina 50mg,SNC - Antidepresivos,SERTRALINA NORMON 50 MG COMPRIMIDOS RECUBIERTOS CON PELICULA EFG,True,factual,indication,¿Para qué sirve SERTRALINA NORMON 50 MG COMPRIMIDOS RECUBIERTOS CON PELICULA EFG?,,,,
Q0218,P07_SERTRAL,Sertralina 50mg,SNC - Antidepresivos,SERTRALINA NORMON 50 MG COMPRIMIDOS RECUBIERTOS CON PELICULA EFG,True,factual,adverse_effects,¿Cuáles son los efectos secundarios de SERTRALINA NORMON 50 MG COMPRIMIDOS RECUBIERTOS CON PELICULA EFG?,,,,
Q0219,P07_SERTRAL,Sertralina 50mg,SNC - Antidepresivos,SERTRALINA NORMON 50 MG COMPRIMIDOS RECUBIERTOS CON PELICULA EFG,True,factual,pregnancy,¿Se puede tomar SERTRALINA NORMON 50 MG COMPRIMIDOS RECUBIERTOS CON PELICULA EFG durante el embarazo?,,,,
Q0220,P07_SERTRAL,Sertralina 50mg,SNC - Antidepresivos,SERTRALINA NORMON 50 MG COMPRIMIDOS RECUBIERTOS CON PELICULA EFG,True,factual,dosage,¿Qué dosis de SERTRALINA NORMON 50 MG COMPRIMIDOS RECUBIERTOS CON PELICULA EFG debo tomar?,,,,
Q0221,P07_SERTRAL,Sertralina 50mg,SNC - Antidepresivos,SERTRALINA NORMON 50 MG COMPRIMIDOS RECUBIERTOS CON PELICULA EFG,True,factual,driving,¿Puedo conducir si tomo SERTRALINA NORMON 50 MG COMPRIMIDOS RECUBIERTOS CON PELICULA EFG?,,,,
Q0222,P07_SERTRAL,Sertralina 50mg,SNC - Antidepresivos,SERTRALINA NORMON 50 MG COMPRIMIDOS RECUBIERTOS CON PELICULA EFG,True,factual,contraindications,¿Cuándo no debo tomar SERTRALINA NORMON 50 MG COMPRIMIDOS RECUBIERTOS CON PELICULA EFG?,,,,
Q0223,P07_SERTRAL,Sertralina 50mg,SNC - Antidepresivos,SERTRALINA NORMON 50 MG COMPRIMIDOS RECUBIERTOS CON PELICULA EFG,True,factual,storage,¿Cómo debo conservar SERTRALINA NORMON 50 MG COMPRIMIDOS RECUBIERTOS CON PELICULA EFG?,,,,
Q0224,P07_SERTRAL,Sertralina 50mg,SNC - Antidepresivos,SERTRALINA NORMON 50 MG COMPRIMIDOS RECUBIERTOS CON PELICULA EFG,True,interaction,alcohol,¿Puedo tomar SERTRALINA NORMON 50 MG COMPRIMIDOS RECUBIERTOS CON PELICULA EFG con alcohol?,,,,
Q0225,P07_SERTRAL,Sertralina 50mg,SNC - Antidepresivos,SERTRALINA NORMON 50 MG COMPRIMIDOS RECUBIERTOS CON PELICULA EFG,True,interaction,food,¿Puedo tomar SERTRALINA NORMON 50 MG COMPRIMIDOS RECUBIERTOS CON PELICULA EFG con las comidas?,,,,
Q0226,P07_SERTRAL,Sertralina 50mg,SNC - Antidepresivos,BESITRAN 50 MG COMPRIMIDOS RECUBIERTOS CON PELICULA vs SERTRALINA CINFA 50 MG COMPRIMIDOS RECUBIERTOS CON PELICULA EFG,comparative,comparative,equivalence,¿Es lo mismo BESITRAN 50 MG COMPRIMIDOS RECUBIERTOS CON PELICULA que SERTRALINA CINFA 50 MG COMPRIMIDOS RECUBIERTOS CON PELICULA EFG?,,,,
Q0227,P07_SERTRAL,Sertralina 50mg,SNC - Antidepresivos,BESITRAN 50 MG COMPRIMIDOS RECUBIERTOS CON PELICULA vs SERTRALINA CINFA 50 MG COMPRIMIDOS RECUBIERTOS CON PELICULA EFG,comparative,comparative,recommendation,"¿Qué es mejor, BESITRAN 50 MG COMPRIMIDOS RECUBIERTOS CON PELICULA o SERTRALINA CINFA 50 MG COMPRIMIDOS RECUBIERTOS CON PELICULA EFG?",,,,
Q0228,P07_SERTRAL,Sertralina 50mg,SNC - Antidepresivos,BESITRAN 50 MG COMPRIMIDOS RECUBIERTOS CON PELICULA vs SERTRALINA CINFA 50 MG COMPRIMIDOS RECUBIERTOS CON PELICULA EFG,comparative,comparative,switching,¿Puedo cambiar de BESITRAN 50 MG COMPRIMIDOS RECUBIERTOS CON PELICULA a SERTRALINA CINFA 50 MG COMPRIMIDOS RECUBIERTOS CON PELICULA EFG?,,,,
Q0229,P07_SERTRAL,Sertralina 50mg,SNC - Antidepresivos,BESITRAN 50 MG COMPRIMIDOS RECUBIERTOS CON PELICULA vs SERTRALINA NORMON 50 MG COMPRIMIDOS RECUBIERTOS CON PELICULA EFG,comparative,comparative,equivalence,¿Es lo mismo BESITRAN 50 MG COMPRIMIDOS RECUBIERTOS CON PELICULA que SERTRALINA NORMON 50 MG COMPRIMIDOS RECUBIERTOS CON PELICULA EFG?,,,,
Q0230,P07_SERTRAL,Sertralina 50mg,SNC - Antidepresivos,BESITRAN 50 MG COMPRIMIDOS RECUBIERTOS CON PELICULA vs SERTRALINA NORMON 50 MG COMPRIMIDOS RECUBIERTOS CON PELICULA EFG,comparative,comparative,recommendation,"¿Qué es mejor, BESITRAN 50 MG COMPRIMIDOS RECUBIERTOS CON PELICULA o SERTRALINA NORMON 50 MG COMPRIMIDOS RECUBIERTOS CON PELICULA EFG?",,,,
Q0231,P07_SERTRAL,Sertralina 50mg,SNC - Antidepresivos,BESITRAN 50 MG COMPRIMIDOS RECUBIERTOS CON PELICULA vs SERTRALINA NORMON 50 MG COMPRIMIDOS RECUBIERTOS CON PELICULA EFG,comparative,comparative,switching,¿Puedo cambiar de BESITRAN 50 MG COMPRIMIDOS RECUBIERTOS CON PELICULA a SERTRALINA NORMON 50 MG COMPRIMIDOS RECUBIERTOS CON PELICULA EFG?,,,,
Q0232,P08_SIMVAST,Simvastatina 20mg,Cardiovascular,ZOCOR 20 MG COMPRIMIDOS RECUBIERTOS CON PELICULA,False,factual,indication,¿Para qué sirve ZOCOR 20 MG COMPRIMIDOS RECUBIERTOS CON PELICULA?,,,,
Q0233,P08_SIMVAST,Simvastatina 20mg,Cardiovascular,ZOCOR 20 MG COMPRIMIDOS RECUBIERTOS CON PELICULA,False,factual,adverse_effects,¿Cuáles son los efectos secundarios de ZOCOR 20 MG COMPRIMIDOS RECUBIERTOS CON PELICULA?,,,,
Q0234,P08_SIMVAST,Simvastatina 20mg,Cardiovascular,ZOCOR 20 MG COMPRIMIDOS RECUBIERTOS CON PELICULA,False,factual,pregnancy,¿Se puede tomar ZOCOR 20 MG COMPRIMIDOS RECUBIERTOS CON PELICULA durante el embarazo?,,,,
Q0235,P08_SIMVAST,Simvastatina 20mg,Cardiovascular,ZOCOR 20 MG COMPRIMIDOS RECUBIERTOS CON PELICULA,False,factual,dosage,¿Qué dosis de ZOCOR 20 MG COMPRIMIDOS RECUBIERTOS CON PELICULA debo tomar?,,,,
Q0236,P08_SIMVAST,Simvastatina 20mg,Cardiovascular,ZOCOR 20 MG COMPRIMIDOS RECUBIERTOS CON PELICULA,False,factual,driving,¿Puedo conducir si tomo ZOCOR 20 MG COMPRIMIDOS RECUBIERTOS CON PELICULA?,,,,
Q0237,P08_SIMVAST,Simvastatina 20mg,Cardiovascular,ZOCOR 20 MG COMPRIMIDOS RECUBIERTOS CON PELICULA,False,factual,contraindications,¿Cuándo no debo tomar ZOCOR 20 MG COMPRIMIDOS RECUBIERTOS CON PELICULA?,,,,
Q0238,P08_SIMVAST,Simvastatina 20mg,Cardiovascular,ZOCOR 20 MG COMPRIMIDOS RECUBIERTOS CON PELICULA,False,factual,storage,¿Cómo debo conservar ZOCOR 20 MG COMPRIMIDOS RECUBIERTOS CON PELICULA?,,,,
Q0239,P08_SIMVAST,Simvastatina 20mg,Cardiovascular,ZOCOR 20 MG COMPRIMIDOS RECUBIERTOS CON PELICULA,False,interaction,alcohol,¿Puedo tomar ZOCOR 20 MG COMPRIMIDOS RECUBIERTOS CON PELICULA con alcohol?,,,,
Q0240,P08_SIMVAST,Simvastatina 20mg,Cardiovascular,ZOCOR 20 MG COMPRIMIDOS RECUBIERTOS CON PELICULA,False,interaction,food,¿Puedo tomar ZOCOR 20 MG COMPRIMIDOS RECUBIERTOS CON PELICULA con las comidas?,,,,
Q0241,P08_SIMVAST,Simvastatina 20mg,Cardiovascular,SIMVASTATINA CINFA 20 MG COMPRIMIDOS RECUBIERTOS CON PELICULA EFG,True,factual,indication,¿Para qué sirve SIMVASTATINA CINFA 20 MG COMPRIMIDOS RECUBIERTOS CON PELICULA EFG?,,,,
Q0242,P08_SIMVAST,Simvastatina 20mg,Cardiovascular,SIMVASTATINA CINFA 20 MG COMPRIMIDOS RECUBIERTOS CON PELICULA EFG,True,factual,adverse_effects,¿Cuáles son los efectos secundarios de SIMVASTATINA CINFA 20 MG COMPRIMIDOS RECUBIERTOS CON PELICULA EFG?,,,,
Q0243,P08_SIMVAST,Simvastatina 20mg,Cardiovascular,SIMVASTATINA CINFA 20 MG COMPRIMIDOS RECUBIERTOS CON PELICULA EFG,True,factual,pregnancy,¿Se puede tomar SIMVASTATINA CINFA 20 MG COMPRIMIDOS RECUBIERTOS CON PELICULA EFG durante el embarazo?,,,,
Q0244,P08_SIMVAST,Simvastatina 20mg,Cardiovascular,SIMVASTATINA CINFA 20 MG COMPRIMIDOS RECUBIERTOS CON PELICULA EFG,True,factual,dosage,¿Qué dosis de SIMVASTATINA CINFA 20 MG COMPRIMIDOS RECUBIERTOS CON PELICULA EFG debo tomar?,,,,
Q0245,P08_SIMVAST,Simvastatina 20mg,Cardiovascular,SIMVASTATINA CINFA 20 MG COMPRIMIDOS RECUBIERTOS CON PELICULA EFG,True,factual,driving,¿Puedo conducir si tomo SIMVASTATINA CINFA 20 MG COMPRIMIDOS RECUBIERTOS CON PELICULA EFG?,,,,
Q0246,P08_SIMVAST,Simvastatina 20mg,Cardiovascular,SIMVASTATINA CINFA 20 MG COMPRIMIDOS RECUBIERTOS CON PELICULA EFG,True,factual,contraindications,¿Cuándo no debo tomar SIMVASTATINA CINFA 20 MG COMPRIMIDOS RECUBIERTOS CON PELICULA EFG?,,,,
Q0247,P08_SIMVAST,Simvastatina 20mg,Cardiovascular,SIMVASTATINA CINFA 20 MG COMPRIMIDOS RECUBIERTOS CON PELICULA EFG,True,factual,storage,¿Cómo debo conservar SIMVASTATINA CINFA 20 MG COMPRIMIDOS RECUBIERTOS CON PELICULA EFG?,,,,
Q0248,P08_SIMVAST,Simvastatina 20mg,Cardiovascular,SIMVASTATINA CINFA 20 MG COMPRIMIDOS RECUBIERTOS CON PELICULA EFG,True,interaction,alcohol,¿Puedo tomar SIMVASTATINA CINFA 20 MG COMPRIMIDOS RECUBIERTOS CON PELICULA EFG con alcohol?,,,,
Q0249,P08_SIMVAST,Simvastatina 20mg,Cardiovascular,SIMVASTATINA CINFA 20 MG COMPRIMIDOS RECUBIERTOS CON PELICULA EFG,True,interaction,food,¿Puedo tomar SIMVASTATINA CINFA 20 MG COMPRIMIDOS RECUBIERTOS CON PELICULA EFG con las comidas?,,,,
Q0250,P08_SIMVAST,Simvastatina 20mg,Cardiovascular,SIMVASTATINA NORMON 20 MG COMPRIMIDOS RECUBIERTOS CON PELICULA EFG,True,factual,indication,¿Para qué sirve SIMVASTATINA NORMON 20 MG COMPRIMIDOS RECUBIERTOS CON PELICULA EFG?,,,,
Q0251,P08_SIMVAST,Simvastatina 20mg,Cardiovascular,SIMVASTATINA NORMON 20 MG COMPRIMIDOS RECUBIERTOS CON PELICULA EFG,True,factual,adverse_effects,¿Cuáles son los efectos secundarios de SIMVASTATINA NORMON 20 MG COMPRIMIDOS RECUBIERTOS CON PELICULA EFG?,,,,
Q0252,P08_SIMVAST,Simvastatina 20mg,Cardiovascular,SIMVASTATINA NORMON 20 MG COMPRIMIDOS RECUBIERTOS CON PELICULA EFG,True,factual,pregnancy,¿Se puede tomar SIMVASTATINA NORMON 20 MG COMPRIMIDOS RECUBIERTOS CON PELICULA EFG durante el embarazo?,,,,
Q0253,P08_SIMVAST,Simvastatina 20mg,Cardiovascular,SIMVASTATINA NORMON 20 MG COMPRIMIDOS RECUBIERTOS CON PELICULA EFG,True,factual,dosage,¿Qué dosis de SIMVASTATINA NORMON 20 MG COMPRIMIDOS RECUBIERTOS CON PELICULA EFG debo tomar?,,,,
Q0254,P08_SIMVAST,Simvastatina 20mg,Cardiovascular,SIMVASTATINA NORMON 20 MG COMPRIMIDOS RECUBIERTOS CON PELICULA EFG,True,factual,driving,¿Puedo conducir si tomo SIMVASTATINA NORMON 20 MG COMPRIMIDOS RECUBIERTOS CON PELICULA EFG?,,,,
Q0255,P08_SIMVAST,Simvastatina 20mg,Cardiovascular,SIMVASTATINA NORMON 20 MG COMPRIMIDOS RECUBIERTOS CON PELICULA EFG,True,factual,contraindications,¿Cuándo no debo tomar SIMVASTATINA NORMON 20 MG COMPRIMIDOS RECUBIERTOS CON PELICULA EFG?,,,,
Q0256,P08_SIMVAST,Simvastatina 20mg,Cardiovascular,SIMVASTATINA NORMON 20 MG COMPRIMIDOS RECUBIERTOS CON PELICULA EFG,True,factual,storage,¿Cómo debo conservar SIMVASTATINA NORMON 20 MG COMPRIMIDOS RECUBIERTOS CON PELICULA EFG?,,,,
Q0257,P08_SIMVAST,Simvastatina 20mg,Cardiovascular,SIMVASTATINA NORMON 20 MG COMPRIMIDOS RECUBIERTOS CON PELICULA EFG,True,interaction,alcohol,¿Puedo tomar SIMVASTATINA NORMON 20 MG COMPRIMIDOS RECUBIERTOS CON PELICULA EFG con alcohol?,,,,
Q0258,P08_SIMVAST,Simvastatina 20mg,Cardiovascular,SIMVASTATINA NORMON 20 MG COMPRIMIDOS RECUBIERTOS CON PELICULA EFG,True,interaction,food,¿Puedo tomar SIMVASTATINA NORMON 20 MG COMPRIMIDOS RECUBIERTOS CON PELICULA EFG con las comidas?,,,,
Q0259,P08_SIMVAST,Simvastatina 20mg,Cardiovascular,ZOCOR 20 MG COMPRIMIDOS RECUBIERTOS CON PELICULA vs SIMVASTATINA CINFA 20 MG COMPRIMIDOS RECUBIERTOS CON PELICULA EFG,comparative,comparative,equivalence,¿Es lo mismo ZOCOR 20 MG COMPRIMIDOS RECUBIERTOS CON PELICULA que SIMVASTATINA CINFA 20 MG COMPRIMIDOS RECUBIERTOS CON PELICULA EFG?,,,,
Q0260,P08_SIMVAST,Simvastatina 20mg,Cardiovascular,ZOCOR 20 MG COMPRIMIDOS RECUBIERTOS CON PELICULA vs SIMVASTATINA CINFA 20 MG COMPRIMIDOS RECUBIERTOS CON PELICULA EFG,comparative,comparative,recommendation,"¿Qué es mejor, ZOCOR 20 MG COMPRIMIDOS RECUBIERTOS CON PELICULA o SIMVASTATINA CINFA 20 MG COMPRIMIDOS RECUBIERTOS CON PELICULA EFG?",,,,
Q0261,P08_SIMVAST,Simvastatina 20mg,Cardiovascular,ZOCOR 20 MG COMPRIMIDOS RECUBIERTOS CON PELICULA vs SIMVASTATINA CINFA 20 MG COMPRIMIDOS RECUBIERTOS CON PELICULA EFG,comparative,comparative,switching,¿Puedo cambiar de ZOCOR 20 MG COMPRIMIDOS RECUBIERTOS CON PELICULA a SIMVASTATINA CINFA 20 MG COMPRIMIDOS RECUBIERTOS CON PELICULA EFG?,,,,
Q0262,P08_SIMVAST,Simvastatina 20mg,Cardiovascular,ZOCOR 20 MG COMPRIMIDOS RECUBIERTOS CON PELICULA vs SIMVASTATINA NORMON 20 MG COMPRIMIDOS RECUBIERTOS CON PELICULA EFG,comparative,comparative,equivalence,¿Es lo mismo ZOCOR 20 MG COMPRIMIDOS RECUBIERTOS CON PELICULA que SIMVASTATINA NORMON 20 MG COMPRIMIDOS RECUBIERTOS CON PELICULA EFG?,,,,
Q0263,P08_SIMVAST,Simvastatina 20mg,Cardiovascular,ZOCOR 20 MG COMPRIMIDOS RECUBIERTOS CON PELICULA vs SIMVASTATINA NORMON 20 MG COMPRIMIDOS RECUBIERTOS CON PELICULA EFG,comparative,comparative,recommendation,"¿Qué es mejor, ZOCOR 20 MG COMPRIMIDOS RECUBIERTOS CON PELICULA o SIMVASTATINA NORMON 20 MG COMPRIMIDOS RECUBIERTOS CON PELICULA EFG?",,,,
Q0264,P08_SIMVAST,Simvastatina 20mg,Cardiovascular,ZOCOR 20 MG COMPRIMIDOS RECUBIERTOS CON PELICULA vs SIMVASTATINA NORMON 20 MG COMPRIMIDOS RECUBIERTOS CON PELICULA EFG,comparative,comparative,switching,¿Puedo cambiar de ZOCOR 20 MG COMPRIMIDOS RECUBIERTOS CON PELICULA a SIMVASTATINA NORMON 20 MG COMPRIMIDOS RECUBIERTOS CON PELICULA EFG?,,,,
Q0265,P09_AMLODIP,Amlodipino 5mg,Cardiovascular,NORVASC 5 MG COMPRIMIDOS,False,factual,indication,¿Para qué sirve NORVASC 5 MG COMPRIMIDOS?,,,,
Q0266,P09_AMLODIP,Amlodipino 5mg,Cardiovascular,NORVASC 5 MG COMPRIMIDOS,False,factual,adverse_effects,¿Cuáles son los efectos secundarios de NORVASC 5 MG COMPRIMIDOS?,,,,
Q0267,P09_AMLODIP,Amlodipino 5mg,Cardiovascular,NORVASC 5 MG COMPRIMIDOS,False,factual,pregnancy,¿Se puede tomar NORVASC 5 MG COMPRIMIDOS durante el embarazo?,,,,
Q0268,P09_AMLODIP,Amlodipino 5mg,Cardiovascular,NORVASC 5 MG COMPRIMIDOS,False,factual,dosage,¿Qué dosis de NORVASC 5 MG COMPRIMIDOS debo tomar?,,,,
Q0269,P09_AMLODIP,Amlodipino 5mg,Cardiovascular,NORVASC 5 MG COMPRIMIDOS,False,factual,driving,¿Puedo conducir si tomo NORVASC 5 MG COMPRIMIDOS?,,,,
Q0270,P09_AMLODIP,Amlodipino 5mg,Cardiovascular,NORVASC 5 MG COMPRIMIDOS,False,factual,contraindications,¿Cuándo no debo tomar NORVASC 5 MG COMPRIMIDOS?,,,,
Q0271,P09_AMLODIP,Amlodipino 5mg,Cardiovascular,NORVASC 5 MG COMPRIMIDOS,False,factual,storage,¿Cómo debo conservar NORVASC 5 MG COMPRIMIDOS?,,,,
Q0272,P09_AMLODIP,Amlodipino 5mg,Cardiovascular,NORVASC 5 MG COMPRIMIDOS,False,interaction,alcohol,¿Puedo tomar NORVASC 5 MG COMPRIMIDOS con alcohol?,,,,
Q0273,P09_AMLODIP,Amlodipino 5mg,Cardiovascular,NORVASC 5 MG COMPRIMIDOS,False,interaction,food,¿Puedo tomar NORVASC 5 MG COMPRIMIDOS con las comidas?,,,,
Q0274,P09_AMLODIP,Amlodipino 5mg,Cardiovascular,AMLODIPINO CINFA 5 MG COMPRIMIDOS EFG,True,factual,indication,¿Para qué sirve AMLODIPINO CINFA 5 MG COMPRIMIDOS EFG?,,,,
Q0275,P09_AMLODIP,Amlodipino 5mg,Cardiovascular,AMLODIPINO CINFA 5 MG COMPRIMIDOS EFG,True,factual,adverse_effects,¿Cuáles son los efectos secundarios de AMLODIPINO CINFA 5 MG COMPRIMIDOS EFG?,,,,
Q0276,P09_AMLODIP,Amlodipino 5mg,Cardiovascular,AMLODIPINO CINFA 5 MG COMPRIMIDOS EFG,True,factual,pregnancy,¿Se puede tomar AMLODIPINO CINFA 5 MG COMPRIMIDOS EFG durante el embarazo?,,,,
Q0277,P09_AMLODIP,Amlodipino 5mg,Cardiovascular,AMLODIPINO CINFA 5 MG COMPRIMIDOS EFG,True,factual,dosage,¿Qué dosis de AMLODIPINO CINFA 5 MG COMPRIMIDOS EFG debo tomar?,,,,
Q0278,P09_AMLODIP,Amlodipino 5mg,Cardiovascular,AMLODIPINO CINFA 5 MG COMPRIMIDOS EFG,True,factual,driving,¿Puedo conducir si tomo AMLODIPINO CINFA 5 MG COMPRIMIDOS EFG?,,,,
Q0279,P09_AMLODIP,Amlodipino 5mg,Cardiovascular,AMLODIPINO CINFA 5 MG COMPRIMIDOS EFG,True,factual,contraindications,¿Cuándo no debo tomar AMLODIPINO CINFA 5 MG COMPRIMIDOS EFG?,,,,
Q0280,P09_AMLODIP,Amlodipino 5mg,Cardiovascular,AMLODIPINO CINFA 5 MG COMPRIMIDOS EFG,True,factual,storage,¿Cómo debo conservar AMLODIPINO CINFA 5 MG COMPRIMIDOS EFG?,,,,
Q0281,P09_AMLODIP,Amlodipino 5mg,Cardiovascular,AMLODIPINO CINFA 5 MG COMPRIMIDOS EFG,True,interaction,alcohol,¿Puedo tomar AMLODIPINO CINFA 5 MG COMPRIMIDOS EFG con alcohol?,,,,
Q0282,P09_AMLODIP,Amlodipino 5mg,Cardiovascular,AMLODIPINO CINFA 5 MG COMPRIMIDOS EFG,True,interaction,food,¿Puedo tomar AMLODIPINO CINFA 5 MG COMPRIMIDOS EFG con las comidas?,,,,
Q0283,P09_AMLODIP,Amlodipino 5mg,Cardiovascular,AMLODIPINO NORMON 5 MG COMPRIMIDOS EFG,True,factual,indication,¿Para qué sirve AMLODIPINO NORMON 5 MG COMPRIMIDOS EFG?,,,,
Q0284,P09_AMLODIP,Amlodipino 5mg,Cardiovascular,AMLODIPINO NORMON 5 MG COMPRIMIDOS EFG,True,factual,adverse_effects,¿Cuáles son los efectos secundarios de AMLODIPINO NORMON 5 MG COMPRIMIDOS EFG?,,,,
Q0285,P09_AMLODIP,Amlodipino 5mg,Cardiovascular,AMLODIPINO NORMON 5 MG COMPRIMIDOS EFG,True,factual,pregnancy,¿Se puede tomar AMLODIPINO NORMON 5 MG COMPRIMIDOS EFG durante el embarazo?,,,,
Q0286,P09_AMLODIP,Amlodipino 5mg,Cardiovascular,AMLODIPINO NORMON 5 MG COMPRIMIDOS EFG,True,factual,dosage,¿Qué dosis de AMLODIPINO NORMON 5 MG COMPRIMIDOS EFG debo tomar?,,,,
Q0287,P09_AMLODIP,Amlodipino 5mg,Cardiovascular,AMLODIPINO NORMON 5 MG COMPRIMIDOS EFG,True,factual,driving,¿Puedo conducir si tomo AMLODIPINO NORMON 5 MG COMPRIMIDOS EFG?,,,,
Q0288,P09_AMLODIP,Amlodipino 5mg,Cardiovascular,AMLODIPINO NORMON 5 MG COMPRIMIDOS EFG,True,factual,contraindications,¿Cuándo no debo tomar AMLODIPINO NORMON 5 MG COMPRIMIDOS EFG?,,,,
Q0289,P09_AMLODIP,Amlodipino 5mg,Cardiovascular,AMLODIPINO NORMON 5 MG COMPRIMIDOS EFG,True,factual,storage,¿Cómo debo conservar AMLODIPINO NORMON 5 MG COMPRIMIDOS EFG?,,,,
Q0290,P09_AMLODIP,Amlodipino 5mg,Cardiovascular,AMLODIPINO NORMON 5 MG COMPRIMIDOS EFG,True,interaction,alcohol,¿Puedo tomar AMLODIPINO NORMON 5 MG COMPRIMIDOS EFG con alcohol?,,,,
Q0291,P09_AMLODIP,Amlodipino 5mg,Cardiovascular,AMLODIPINO NORMON 5 MG COMPRIMIDOS EFG,True,interaction,food,¿Puedo tomar AMLODIPINO NORMON 5 MG COMPRIMIDOS EFG con las comidas?,,,,
Q0292,P09_AMLODIP,Amlodipino 5mg,Cardiovascular,NORVASC 5 MG COMPRIMIDOS vs AMLODIPINO CINFA 5 MG COMPRIMIDOS EFG,comparative,comparative,equivalence,¿Es lo mismo NORVASC 5 MG COMPRIMIDOS que AMLODIPINO CINFA 5 MG COMPRIMIDOS EFG?,,,,
Q0293,P09_AMLODIP,Amlodipino 5mg,Cardiovascular,NORVASC 5 MG COMPRIMIDOS vs AMLODIPINO CINFA 5 MG COMPRIMIDOS EFG,comparative,comparative,recommendation,"¿Qué es mejor, NORVASC 5 MG COMPRIMIDOS o AMLODIPINO CINFA 5 MG COMPRIMIDOS EFG?",,,,
Q0294,P09_AMLODIP,Amlodipino 5mg,Cardiovascular,NORVASC 5 MG COMPRIMIDOS vs AMLODIPINO CINFA 5 MG COMPRIMIDOS EFG,comparative,comparative,switching,¿Puedo cambiar de NORVASC 5 MG COMPRIMIDOS a AMLODIPINO CINFA 5 MG COMPRIMIDOS EFG?,,,,
Q0295,P09_AMLODIP,Amlodipino 5mg,Cardiovascular,NORVASC 5 MG COMPRIMIDOS vs AMLODIPINO NORMON 5 MG COMPRIMIDOS EFG,comparative,comparative,equivalence,¿Es lo mismo NORVASC 5 MG COMPRIMIDOS que AMLODIPINO NORMON 5 MG COMPRIMIDOS EFG?,,,,
Q0296,P09_AMLODIP,Amlodipino 5mg,Cardiovascular,NORVASC 5 MG COMPRIMIDOS vs AMLODIPINO NORMON 5 MG COMPRIMIDOS EFG,comparative,comparative,recommendation,"¿Qué es mejor, NORVASC 5 MG COMPRIMIDOS o AMLODIPINO NORMON 5 MG COMPRIMIDOS EFG?",,,,
Q0297,P09_AMLODIP,Amlodipino 5mg,Cardiovascular,NORVASC 5 MG COMPRIMIDOS vs AMLODIPINO NORMON 5 MG COMPRIMIDOS EFG,comparative,comparative,switching,¿Puedo cambiar de NORVASC 5 MG COMPRIMIDOS a AMLODIPINO NORMON 5 MG COMPRIMIDOS EFG?,,,,
Q0298,P10_LEVOTIR,Levotiroxina 100mcg,Hormonas tiroideas,EUTIROX 100 MICROGRAMOS COMPRIMIDOS,False,factual,indication,¿Para qué sirve EUTIROX 100 MICROGRAMOS COMPRIMIDOS?,,,,
Q0299,P10_LEVOTIR,Levotiroxina 100mcg,Hormonas tiroideas,EUTIROX 100 MICROGRAMOS COMPRIMIDOS,False,factual,adverse_effects,¿Cuáles son los efectos secundarios de EUTIROX 100 MICROGRAMOS COMPRIMIDOS?,,,,
Q0300,P10_LEVOTIR,Levotiroxina 100mcg,Hormonas tiroideas,EUTIROX 100 MICROGRAMOS COMPRIMIDOS,False,factual,pregnancy,¿Se puede tomar EUTIROX 100 MICROGRAMOS COMPRIMIDOS durante el embarazo?,,,,
Q0301,P10_LEVOTIR,Levotiroxina 100mcg,Hormonas tiroideas,EUTIROX 100 MICROGRAMOS COMPRIMIDOS,False,factual,dosage,¿Qué dosis de EUTIROX 100 MICROGRAMOS COMPRIMIDOS debo tomar?,,,,
Q0302,P10_LEVOTIR,Levotiroxina 100mcg,Hormonas tiroideas,EUTIROX 100 MICROGRAMOS COMPRIMIDOS,False,factual,driving,¿Puedo conducir si tomo EUTIROX 100 MICROGRAMOS COMPRIMIDOS?,,,,
Q0303,P10_LEVOTIR,Levotiroxina 100mcg,Hormonas tiroideas,EUTIROX 100 MICROGRAMOS COMPRIMIDOS,False,factual,contraindications,¿Cuándo no debo tomar EUTIROX 100 MICROGRAMOS COMPRIMIDOS?,,,,
Q0304,P10_LEVOTIR,Levotiroxina 100mcg,Hormonas tiroideas,EUTIROX 100 MICROGRAMOS COMPRIMIDOS,False,factual,storage,¿Cómo debo conservar EUTIROX 100 MICROGRAMOS COMPRIMIDOS?,,,,
Q0305,P10_LEVOTIR,Levotiroxina 100mcg,Hormonas tiroideas,EUTIROX 100 MICROGRAMOS COMPRIMIDOS,False,interaction,alcohol,¿Puedo tomar EUTIROX 100 MICROGRAMOS COMPRIMIDOS con alcohol?,,,,
Q0306,P10_LEVOTIR,Levotiroxina 100mcg,Hormonas tiroideas,EUTIROX 100 MICROGRAMOS COMPRIMIDOS,False,interaction,food,¿Puedo tomar EUTIROX 100 MICROGRAMOS COMPRIMIDOS con las comidas?,,,,
Q0307,P10_LEVOTIR,Levotiroxina 100mcg,Hormonas tiroideas,LEVOTIROXINA SANOFI 100 MICROGRAMOS COMPRIMIDOS EFG,True,factual,indication,¿Para qué sirve LEVOTIROXINA SANOFI 100 MICROGRAMOS COMPRIMIDOS EFG?,,,,
Q0308,P10_LEVOTIR,Levotiroxina 100mcg,Hormonas tiroideas,LEVOTIROXINA SANOFI 100 MICROGRAMOS COMPRIMIDOS EFG,True,factual,adverse_effects,¿Cuáles son los efectos secundarios de LEVOTIROXINA SANOFI 100 MICROGRAMOS COMPRIMIDOS EFG?,,,,
Q0309,P10_LEVOTIR,Levotiroxina 100mcg,Hormonas tiroideas,LEVOTIROXINA SANOFI 100 MICROGRAMOS COMPRIMIDOS EFG,True,factual,pregnancy,¿Se puede tomar LEVOTIROXINA SANOFI 100 MICROGRAMOS COMPRIMIDOS EFG durante el embarazo?,,,,
Q0310,P10_LEVOTIR,Levotiroxina 100mcg,Hormonas tiroideas,LEVOTIROXINA SANOFI 100 MICROGRAMOS COMPRIMIDOS EFG,True,factual,dosage,¿Qué dosis de LEVOTIROXINA SANOFI 100 MICROGRAMOS COMPRIMIDOS EFG debo tomar?,,,,
Q0311,P10_LEVOTIR,Levotiroxina 100mcg,Hormonas tiroideas,LEVOTIROXINA SANOFI 100 MICROGRAMOS COMPRIMIDOS EFG,True,factual,driving,¿Puedo conducir si tomo LEVOTIROXINA SANOFI 100 MICROGRAMOS COMPRIMIDOS EFG?,,,,
Q0312,P10_LEVOTIR,Levotiroxina 100mcg,Hormonas tiroideas,LEVOTIROXINA SANOFI 100 MICROGRAMOS COMPRIMIDOS EFG,True,factual,contraindications,¿Cuándo no debo tomar LEVOTIROXINA SANOFI 100 MICROGRAMOS COMPRIMIDOS EFG?,,,,
Q0313,P10_LEVOTIR,Levotiroxina 100mcg,Hormonas tiroideas,LEVOTIROXINA SANOFI 100 MICROGRAMOS COMPRIMIDOS EFG,True,factual,storage,¿Cómo debo conservar LEVOTIROXINA SANOFI 100 MICROGRAMOS COMPRIMIDOS EFG?,,,,
Q0314,P10_LEVOTIR,Levotiroxina 100mcg,Hormonas tiroideas,LEVOTIROXINA SANOFI 100 MICROGRAMOS COMPRIMIDOS EFG,True,interaction,alcohol,¿Puedo tomar LEVOTIROXINA SANOFI 100 MICROGRAMOS COMPRIMIDOS EFG con alcohol?,,,,
Q0315,P10_LEVOTIR,Levotiroxina 100mcg,Hormonas tiroideas,LEVOTIROXINA SANOFI 100 MICROGRAMOS COMPRIMIDOS EFG,True,interaction,food,¿Puedo tomar LEVOTIROXINA SANOFI 100 MICROGRAMOS COMPRIMIDOS EFG con las comidas?,,,,
Q0316,P10_LEVOTIR,Levotiroxina 100mcg,Hormonas tiroideas,EUTIROX 100 MICROGRAMOS COMPRIMIDOS vs LEVOTIROXINA SANOFI 100 MICROGRAMOS COMPRIMIDOS EFG,comparative,comparative,equivalence,¿Es lo mismo EUTIROX 100 MICROGRAMOS COMPRIMIDOS que LEVOTIROXINA SANOFI 100 MICROGRAMOS COMPRIMIDOS EFG?,,,,
Q0317,P10_LEVOTIR,Levotiroxina 100mcg,Hormonas tiroideas,EUTIROX 100 MICROGRAMOS COMPRIMIDOS vs LEVOTIROXINA SANOFI 100 MICROGRAMOS COMPRIMIDOS EFG,comparative,comparative,recommendation,"¿Qué es mejor, EUTIROX 100 MICROGRAMOS COMPRIMIDOS o LEVOTIROXINA SANOFI 100 MICROGRAMOS COMPRIMIDOS EFG?",,,,
Q0318,P10_LEVOTIR,Levotiroxina 100mcg,Hormonas tiroideas,EUTIROX 100 MICROGRAMOS COMPRIMIDOS vs LEVOTIROXINA SANOFI 100 MICROGRAMOS COMPRIMIDOS EFG,comparative,comparative,switching,¿Puedo cambiar de EUTIROX 100 MICROGRAMOS COMPRIMIDOS a LEVOTIROXINA SANOFI 100 MICROGRAMOS COMPRIMIDOS EFG?,,,,
